id,agency_user_id,buyer_user_id,rating,title,body,is_visible,created_at,updated_at
92c50c96-800b-47f7-af2f-096c5d0d105e,f45525cf-17b3-4d3c-87a5-d103d781cf92,66672517-8754-4ebe-908a-ad8ce2165ebb,1,"Muy buena agencia, recomendada",El trato fue muy profesional. Me asesoraron bien en el proceso de financiamiento también.,True,2025-11-07 16:44:58.268990-06:00,2025-11-07 16:44:58.268990-06:00
73476ad2-e983-45e6-b849-7db82d857ed8,42df8c3e-05fb-49ee-9c6d-dd3884dd8915,47d6ec26-c79e-435c-8eac-865573b2ac78,1,Excelente atención y proceso transparente,Buena experiencia en general. El precio fue justo y el proceso relativamente rápido.,True,2025-11-02 16:44:58.269004-06:00,2025-11-02 16:44:58.269004-06:00
038925e7-0065-42aa-b174-e63d6e27a9de,f45525cf-17b3-4d3c-87a5-d103d781cf92,ea7db29e-1f88-40af-9af3-a5a499004024,5,Proceso ágil y profesional,Llevaba meses buscando y esta agencia fue la que mejor entendió lo que necesitaba. Muy recomendados.,True,2026-05-27 16:44:58.269012-06:00,2026-05-27 16:44:58.269012-06:00
3c64b41c-6891-46ac-ae62-64410ff05b42,4805f37f-95d5-45fb-b201-99e2a734bd9e,fd1a4d85-4cac-4ee7-8ff5-2b6e08af64d2,5,Satisfecho con el proceso de compra,La calidad de las fotos y la descripción de la propiedad eran exactamente como se veía en persona.,True,2026-02-05 16:44:58.269017-06:00,2026-02-05 16:44:58.269017-06:00
37781f07-f52e-4ef6-823a-b50ecdc04314,42df8c3e-05fb-49ee-9c6d-dd3884dd8915,86888db1-a8be-43eb-9300-52a78ea9743b,5,Buen servicio al cliente,Tardaron un par de días en responder al inicio pero luego todo fluyó perfectamente. Buenos resultados.,True,2026-02-06 16:44:58.269022-06:00,2026-02-06 16:44:58.269022-06:00
a6ccd414-60ba-48d0-bcdd-a91c06020cfe,96efd4d2-e8c2-40a3-89fa-7e6eda53c9e2,51134ee3-f117-4baa-b2cf-a18f209c4a9d,5,Agencia confiable y bien establecida,Conocen muy bien el mercado local. Me dieron información muy valiosa sobre la zona antes de decidir.,True,2026-03-27 16:44:58.269028-06:00,2026-06-20 16:44:58.269030-06:00
27e3cc0a-d881-4f0f-8e12-85ac73b90a3a,5c9ded7e-bd44-43d4-9d4c-4172aa3ea492,651a34a7-7b3b-4d1d-9858-3794c5902b27,5,"Muy buena agencia, recomendada",Proceso limpio y transparente. Los documentos estuvieron listos sin contratiempos.,True,2026-05-04 16:44:58.269035-06:00,2026-05-04 16:44:58.269035-06:00
6289e5ba-1347-48c7-8e37-6e2bffa16e59,5c9ded7e-bd44-43d4-9d4c-4172aa3ea492,235e928f-1404-4e57-be1f-24862935171d,1,Superó mis expectativas,El trato fue muy profesional. Me asesoraron bien en el proceso de financiamiento también.,True,2025-09-26 16:44:58.269040-06:00,2025-09-26 16:44:58.269040-06:00
40aa225b-9b7e-4033-ac98-1915a572b666,c522fc00-ebb4-439d-ab2b-c14b958d145b,651a34a7-7b3b-4d1d-9858-3794c5902b27,4,Excelente atención y proceso transparente,Buena experiencia en general. El precio fue justo y el proceso relativamente rápido.,True,2026-03-12 16:44:58.269045-06:00,2026-03-12 16:44:58.269045-06:00
0c78383a-ceaa-48ff-9302-247ebb18aaaf,6886adbc-deaf-4cdf-8204-6f552c628891,f39e6de3-4718-4a72-abe9-fc3e3d0b5dd2,4,Agencia confiable y bien establecida,El trato fue muy profesional. Me asesoraron bien en el proceso de financiamiento también.,True,2025-11-19 16:44:58.269050-06:00,2025-11-19 16:44:58.269050-06:00
039c8540-554b-4f92-bcb7-5cd237e0d4c2,6886adbc-deaf-4cdf-8204-6f552c628891,866af491-931b-4e53-8baa-f593940af44a,5,Superó mis expectativas,Conocen muy bien el mercado local. Me dieron información muy valiosa sobre la zona antes de decidir.,True,2026-01-03 16:44:58.269054-06:00,2026-01-03 16:44:58.269054-06:00
09897fd5-1ce1-48e8-afc0-2de30ebef749,42df8c3e-05fb-49ee-9c6d-dd3884dd8915,3829bb5e-b6b9-493d-9826-447161920e88,1,Equipo muy profesional,Tardaron un par de días en responder al inicio pero luego todo fluyó perfectamente. Buenos resultados.,True,2026-06-08 16:44:58.269059-06:00,2026-06-08 16:44:58.269059-06:00
7dbe20b6-49b4-4565-be23-546215bbfcc3,c522fc00-ebb4-439d-ab2b-c14b958d145b,235e928f-1404-4e57-be1f-24862935171d,4,Buen servicio al cliente,Llevaba meses buscando y esta agencia fue la que mejor entendió lo que necesitaba. Muy recomendados.,True,2026-04-24 16:44:58.269064-06:00,2026-04-24 16:44:58.269064-06:00
e0d74abd-48ee-4427-9e96-9d18ad998e4d,5c9ded7e-bd44-43d4-9d4c-4172aa3ea492,5d85bd5e-5062-486a-bfdf-5b9d01c96d7c,4,Buen servicio al cliente,Tardaron un par de días en responder al inicio pero luego todo fluyó perfectamente. Buenos resultados.,True,2025-10-03 16:44:58.269068-06:00,2026-06-12 16:44:58.269070-06:00
ec027080-bb49-43be-a426-424c3639c43f,6886adbc-deaf-4cdf-8204-6f552c628891,53896f94-3e54-4240-99a0-f15db77d970c,3,Buen servicio al cliente,Proceso limpio y transparente. Los documentos estuvieron listos sin contratiempos.,True,2025-10-01 16:44:58.269075-06:00,2025-10-01 16:44:58.269075-06:00
1ee78152-0731-4420-90c2-da5b62be4597,5c9ded7e-bd44-43d4-9d4c-4172aa3ea492,2ec5bf84-2777-4d0c-a1d5-145ab4e66288,5,Superó mis expectativas,Conocen muy bien el mercado local. Me dieron información muy valiosa sobre la zona antes de decidir.,True,2026-03-13 16:44:58.269080-06:00,2026-03-13 16:44:58.269080-06:00
1c7f745e-bc94-4756-8098-306666b7e719,c522fc00-ebb4-439d-ab2b-c14b958d145b,9a88019a-610d-476f-bee3-5cab7744ce79,4,Superó mis expectativas,El proceso desde la consulta inicial hasta el cierre fue muy fluido. El equipo respondió todas mis preguntas rápidamente.,True,2026-05-31 16:44:58.269085-06:00,2026-05-31 16:44:58.269085-06:00
e8e0271f-6edb-4477-bd6c-5963b581465e,c522fc00-ebb4-439d-ab2b-c14b958d145b,5d85bd5e-5062-486a-bfdf-5b9d01c96d7c,3,Agencia confiable y bien establecida,La información de las propiedades es muy detallada y honesta. No hubo sorpresas al momento de visitar.,True,2026-04-08 16:44:58.269090-06:00,2026-04-08 16:44:58.269090-06:00
cb4468d5-29b0-42f9-97e5-e8c272c88bf4,96efd4d2-e8c2-40a3-89fa-7e6eda53c9e2,1a2c3cfa-5878-4620-b2ba-00a5d0864806,4,Excelente atención y proceso transparente,El proceso desde la consulta inicial hasta el cierre fue muy fluido. El equipo respondió todas mis preguntas rápidamente.,True,2025-12-22 16:44:58.269095-06:00,2025-12-22 16:44:58.269095-06:00
11e3ec42-8bd1-4d7f-8296-709b676c0509,4b03c34a-2ec7-42e8-a496-8763f64b8bda,9bce2786-49e3-4000-9464-4479e0f1bc70,4,Agencia confiable y bien establecida,Trabajé con otros agentes antes y esta fue la mejor experiencia que he tenido en bienes raíces.,True,2026-04-29 16:44:58.269100-06:00,2026-04-29 16:44:58.269100-06:00
1d66e017-759b-4216-a088-d3723b39a492,f45525cf-17b3-4d3c-87a5-d103d781cf92,2efbbc16-b02f-487b-b6e6-371789daac81,5,Proceso ágil y profesional,El trato fue muy profesional. Me asesoraron bien en el proceso de financiamiento también.,True,2025-11-07 16:44:58.269104-06:00,2026-06-25 16:44:58.269106-06:00
cce684d1-03fc-4d0a-acaf-a9663bc312eb,96efd4d2-e8c2-40a3-89fa-7e6eda53c9e2,0f9f4eee-de94-4c42-8c87-9906d73d213f,3,Excelente atención y proceso transparente,Tardaron un par de días en responder al inicio pero luego todo fluyó perfectamente. Buenos resultados.,True,2025-11-24 16:44:58.269111-06:00,2025-11-24 16:44:58.269111-06:00
490a911d-74c0-49a1-9f1e-f2a35bd21d12,6886adbc-deaf-4cdf-8204-6f552c628891,ee8426dc-7735-4792-917f-dcfe20cf7a9f,4,"Buenas propiedades, comunicación mejorable",,True,2026-02-20 16:44:58.269115-06:00,2026-02-20 16:44:58.269115-06:00
2729fa1e-3b59-46d6-93d3-f1cad0077d6f,5c9ded7e-bd44-43d4-9d4c-4172aa3ea492,86888db1-a8be-43eb-9300-52a78ea9743b,5,Buen servicio al cliente,Buena experiencia en general. El precio fue justo y el proceso relativamente rápido.,True,2026-04-06 16:44:58.269120-06:00,2026-04-06 16:44:58.269120-06:00
f66f2a0f-b879-4732-abe6-3cfc9cf08a1e,42df8c3e-05fb-49ee-9c6d-dd3884dd8915,ddb83635-ff56-4d1b-9437-22acffd0ae8b,4,"Propiedades de calidad, precios justos",Conocen muy bien el mercado local. Me dieron información muy valiosa sobre la zona antes de decidir.,True,2026-05-02 16:44:58.269124-06:00,2026-05-02 16:44:58.269124-06:00
1b66b0c1-ce0e-443d-acaf-029bb84094c4,c522fc00-ebb4-439d-ab2b-c14b958d145b,92664660-83ee-4889-88a8-aa745240bf4f,4,Agencia confiable y bien establecida,Proceso limpio y transparente. Los documentos estuvieron listos sin contratiempos.,True,2025-11-13 16:44:58.269129-06:00,2025-11-13 16:44:58.269129-06:00
c66df0bb-b172-42bb-936b-39aa16d84398,4805f37f-95d5-45fb-b201-99e2a734bd9e,53896f94-3e54-4240-99a0-f15db77d970c,5,Agencia confiable y bien establecida,Conocen muy bien el mercado local. Me dieron información muy valiosa sobre la zona antes de decidir.,True,2025-12-21 16:44:58.269134-06:00,2025-12-21 16:44:58.269134-06:00
277e8c1a-2a35-4cd3-87ce-f7792c45d5e6,5c9ded7e-bd44-43d4-9d4c-4172aa3ea492,fd1a4d85-4cac-4ee7-8ff5-2b6e08af64d2,4,Proceso ágil y profesional,,True,2026-05-07 16:44:58.269140-06:00,2026-05-07 16:44:58.269140-06:00
52be57fd-c36d-437f-8645-33ce04a0191c,4805f37f-95d5-45fb-b201-99e2a734bd9e,235e928f-1404-4e57-be1f-24862935171d,5,Agencia confiable y bien establecida,El trato fue muy profesional. Me asesoraron bien en el proceso de financiamiento también.,True,2025-12-21 16:44:58.269146-06:00,2025-12-21 16:44:58.269146-06:00
4e0e9bee-929c-418b-a9db-1e194c760935,42df8c3e-05fb-49ee-9c6d-dd3884dd8915,0e38dbbf-5e07-4ac5-b3db-816ccc204d09,4,Equipo muy profesional,Llevaba meses buscando y esta agencia fue la que mejor entendió lo que necesitaba. Muy recomendados.,True,2025-10-06 16:44:58.269150-06:00,2025-10-06 16:44:58.269150-06:00
a0245455-07ff-4d2e-ac77-eade75e58e2c,c522fc00-ebb4-439d-ab2b-c14b958d145b,62ce4d65-9b64-4521-a199-180582265277,4,Superó mis expectativas,Conocen muy bien el mercado local. Me dieron información muy valiosa sobre la zona antes de decidir.,True,2025-10-23 16:44:58.269155-06:00,2025-10-23 16:44:58.269155-06:00
ab4f7fac-0d8c-4b47-9cab-009447f60529,96efd4d2-e8c2-40a3-89fa-7e6eda53c9e2,b3be4be2-622a-40ad-80bd-2abee6216685,4,"Propiedades de calidad, precios justos",Trabajé con otros agentes antes y esta fue la mejor experiencia que he tenido en bienes raíces.,True,2026-02-12 16:44:58.269160-06:00,2026-02-12 16:44:58.269160-06:00
2f243b75-d62f-492b-b15b-1b4adc18a34d,c522fc00-ebb4-439d-ab2b-c14b958d145b,fd1a4d85-4cac-4ee7-8ff5-2b6e08af64d2,3,Satisfecho con el proceso de compra,La información de las propiedades es muy detallada y honesta. No hubo sorpresas al momento de visitar.,True,2026-06-17 16:44:58.269164-06:00,2026-06-17 16:44:58.269164-06:00
a59683ac-2bc0-44ff-8588-df51e998c374,6886adbc-deaf-4cdf-8204-6f552c628891,4122ce64-1b0f-4bc0-b0e5-bf6978fc1f81,5,Equipo muy profesional,Tardaron un par de días en responder al inicio pero luego todo fluyó perfectamente. Buenos resultados.,False,2026-04-09 16:44:58.269169-06:00,2026-04-09 16:44:58.269169-06:00
788824fe-4f7e-4ac9-a9f5-a75ad1517906,f45525cf-17b3-4d3c-87a5-d103d781cf92,2c7d79d1-acf0-4dc0-abba-d633d58b994e,4,Excelente atención y proceso transparente,Tardaron un par de días en responder al inicio pero luego todo fluyó perfectamente. Buenos resultados.,True,2025-12-25 16:44:58.269173-06:00,2025-12-25 16:44:58.269173-06:00
f2182f0e-ea4d-48e2-8136-636456fd816e,c522fc00-ebb4-439d-ab2b-c14b958d145b,3829bb5e-b6b9-493d-9826-447161920e88,4,Superó mis expectativas,El trato fue muy profesional. Me asesoraron bien en el proceso de financiamiento también.,True,2026-04-12 16:44:58.269178-06:00,2026-04-12 16:44:58.269178-06:00
0c0c2954-6e84-41ac-b7f2-4318feb993c1,f45525cf-17b3-4d3c-87a5-d103d781cf92,61af2084-94e6-483d-b446-3f18547e9ea3,4,Satisfecho con el proceso de compra,Proceso limpio y transparente. Los documentos estuvieron listos sin contratiempos.,True,2025-12-07 16:44:58.269182-06:00,2026-07-02 16:44:58.269184-06:00
cc4ff584-ce83-4a1a-b599-34d0138f316e,96efd4d2-e8c2-40a3-89fa-7e6eda53c9e2,2ec5bf84-2777-4d0c-a1d5-145ab4e66288,2,Excelente atención y proceso transparente,Conocen muy bien el mercado local. Me dieron información muy valiosa sobre la zona antes de decidir.,True,2026-03-25 16:44:58.269188-06:00,2026-03-25 16:44:58.269188-06:00
b62f9543-ad54-4ac3-ba33-9e7a26e59a6f,c522fc00-ebb4-439d-ab2b-c14b958d145b,56de9961-d090-4e08-9900-b69f2e2bdc1b,3,"Muy buena agencia, recomendada",El trato fue muy profesional. Me asesoraron bien en el proceso de financiamiento también.,True,2026-02-15 16:44:58.269193-06:00,2026-02-15 16:44:58.269193-06:00
b247a150-ab8c-4b70-a876-93abb351fbf1,4b03c34a-2ec7-42e8-a496-8763f64b8bda,7b922293-cbe7-4e0b-9205-9fba88888a46,4,Satisfecho con el proceso de compra,La información de las propiedades es muy detallada y honesta. No hubo sorpresas al momento de visitar.,True,2025-12-30 16:44:58.269197-06:00,2025-12-30 16:44:58.269197-06:00
f590a737-ba89-4d6d-a84e-8c5e7438cb8e,4b03c34a-2ec7-42e8-a496-8763f64b8bda,53896f94-3e54-4240-99a0-f15db77d970c,5,Buen servicio al cliente,Llevaba meses buscando y esta agencia fue la que mejor entendió lo que necesitaba. Muy recomendados.,True,2025-11-26 16:44:58.269202-06:00,2026-06-12 16:44:58.269204-06:00
489b8237-3907-4fe9-9e2b-d38d56faad15,6886adbc-deaf-4cdf-8204-6f552c628891,9bbe2275-2ab9-445d-a97a-7c5b6c7acd3d,4,Buen servicio al cliente,El trato fue muy profesional. Me asesoraron bien en el proceso de financiamiento también.,True,2025-10-02 16:44:58.269208-06:00,2025-10-02 16:44:58.269208-06:00
520b022f-b51c-4ae2-8013-340742c18416,4805f37f-95d5-45fb-b201-99e2a734bd9e,4122ce64-1b0f-4bc0-b0e5-bf6978fc1f81,3,Excelente atención y proceso transparente,Tardaron un par de días en responder al inicio pero luego todo fluyó perfectamente. Buenos resultados.,True,2026-04-23 16:44:58.269213-06:00,2026-04-23 16:44:58.269213-06:00
9e8df558-41d8-46dd-a6a0-e87e613a5022,6886adbc-deaf-4cdf-8204-6f552c628891,6d323590-f99e-4a0f-a9f3-30f82bf63721,5,"Propiedades de calidad, precios justos",El proceso desde la consulta inicial hasta el cierre fue muy fluido. El equipo respondió todas mis preguntas rápidamente.,False,2026-04-04 16:44:58.269218-06:00,2026-04-04 16:44:58.269218-06:00
baeaebd4-32bd-4d22-bc64-f73cbcc90d12,f45525cf-17b3-4d3c-87a5-d103d781cf92,51134ee3-f117-4baa-b2cf-a18f209c4a9d,5,Buen servicio al cliente,Trabajé con otros agentes antes y esta fue la mejor experiencia que he tenido en bienes raíces.,True,2026-06-26 16:44:58.269222-06:00,2026-06-26 16:44:58.269222-06:00
9f22253b-aa47-4adb-9506-ac7243f0ce56,4b03c34a-2ec7-42e8-a496-8763f64b8bda,9a88019a-610d-476f-bee3-5cab7744ce79,4,Agencia confiable y bien establecida,Tardaron un par de días en responder al inicio pero luego todo fluyó perfectamente. Buenos resultados.,True,2026-04-02 16:44:58.269227-06:00,2026-04-02 16:44:58.269227-06:00
701ec10d-2306-410e-9e59-861ee2582727,4805f37f-95d5-45fb-b201-99e2a734bd9e,62ce4d65-9b64-4521-a199-180582265277,4,"Buenas propiedades, comunicación mejorable",Buena experiencia en general. El precio fue justo y el proceso relativamente rápido.,True,2026-01-22 16:44:58.269232-06:00,2026-01-22 16:44:58.269232-06:00
3914c3f6-a032-44a2-9225-1ce5457d3503,5c9ded7e-bd44-43d4-9d4c-4172aa3ea492,866af491-931b-4e53-8baa-f593940af44a,4,Buen servicio al cliente,El trato fue muy profesional. Me asesoraron bien en el proceso de financiamiento también.,True,2026-02-28 16:44:58.269236-06:00,2026-06-05 16:44:58.269237-06:00
874f4a82-c44d-4986-a934-123646fffeb7,c522fc00-ebb4-439d-ab2b-c14b958d145b,866af491-931b-4e53-8baa-f593940af44a,4,Equipo muy profesional,Tardaron un par de días en responder al inicio pero luego todo fluyó perfectamente. Buenos resultados.,True,2026-06-11 16:44:58.269242-06:00,2026-06-11 16:44:58.269242-06:00
c7b13e0f-1afa-4442-ada3-64aa7304be10,96efd4d2-e8c2-40a3-89fa-7e6eda53c9e2,56de9961-d090-4e08-9900-b69f2e2bdc1b,5,Buen servicio al cliente,Buena experiencia en general. El precio fue justo y el proceso relativamente rápido.,True,2026-06-27 16:44:58.269246-06:00,2026-06-27 16:44:58.269246-06:00
7144aa7d-edd6-4405-a4d7-63df2609dd5c,4b03c34a-2ec7-42e8-a496-8763f64b8bda,47d6ec26-c79e-435c-8eac-865573b2ac78,5,Satisfecho con el proceso de compra,Tardaron un par de días en responder al inicio pero luego todo fluyó perfectamente. Buenos resultados.,True,2026-04-08 16:44:58.269251-06:00,2026-04-08 16:44:58.269251-06:00
1a0a906d-2c44-4e9c-8c55-62087d67710f,6886adbc-deaf-4cdf-8204-6f552c628891,ddb83635-ff56-4d1b-9437-22acffd0ae8b,5,Proceso ágil y profesional,El proceso desde la consulta inicial hasta el cierre fue muy fluido. El equipo respondió todas mis preguntas rápidamente.,False,2026-03-04 16:44:58.269255-06:00,2026-03-04 16:44:58.269255-06:00
655098e2-eff4-45c7-9a1c-40509d602a71,4805f37f-95d5-45fb-b201-99e2a734bd9e,3b23438f-e287-4a38-b086-8a067134f160,4,"Buenas propiedades, comunicación mejorable",Proceso limpio y transparente. Los documentos estuvieron listos sin contratiempos.,True,2026-04-08 16:44:58.269260-06:00,2026-04-08 16:44:58.269260-06:00
ecb6583c-c8ed-43fc-83a3-3f031fb174f1,42df8c3e-05fb-49ee-9c6d-dd3884dd8915,663b8db8-a7e1-41a0-84e8-814f68f4f37a,4,Excelente atención y proceso transparente,Llevaba meses buscando y esta agencia fue la que mejor entendió lo que necesitaba. Muy recomendados.,True,2025-11-10 16:44:58.269265-06:00,2025-11-10 16:44:58.269265-06:00
a2c71d9d-d6a5-4a27-88a5-ead69509dea9,f45525cf-17b3-4d3c-87a5-d103d781cf92,1a2c3cfa-5878-4620-b2ba-00a5d0864806,4,Superó mis expectativas,Buena experiencia en general. El precio fue justo y el proceso relativamente rápido.,True,2025-10-01 16:44:58.269270-06:00,2026-05-29 16:44:58.269271-06:00
d0698ae2-8cf2-49d3-9bce-cb1c8e613e1b,6886adbc-deaf-4cdf-8204-6f552c628891,727a505a-3ad3-4aaa-979a-2c717ba05cde,4,Superó mis expectativas,La información de las propiedades es muy detallada y honesta. No hubo sorpresas al momento de visitar.,True,2025-10-06 16:44:58.269276-06:00,2025-10-06 16:44:58.269276-06:00
20833b06-815c-4222-ae8b-2e5081afd49e,42df8c3e-05fb-49ee-9c6d-dd3884dd8915,9bbe2275-2ab9-445d-a97a-7c5b6c7acd3d,4,"Muy buena agencia, recomendada",Buena experiencia en general. El precio fue justo y el proceso relativamente rápido.,True,2025-12-25 16:44:58.269281-06:00,2026-05-22 16:44:58.269282-06:00
d9afc910-f02f-4040-aad0-ad012f116b3b,4b03c34a-2ec7-42e8-a496-8763f64b8bda,62ce4d65-9b64-4521-a199-180582265277,5,Excelente atención y proceso transparente,La información de las propiedades es muy detallada y honesta. No hubo sorpresas al momento de visitar.,True,2025-10-22 16:44:58.269287-06:00,2025-10-22 16:44:58.269287-06:00
b6f09bd9-6fa0-42b1-a39e-bd6c2b17c58a,42df8c3e-05fb-49ee-9c6d-dd3884dd8915,3b23438f-e287-4a38-b086-8a067134f160,4,"Buenas propiedades, comunicación mejorable",Buena experiencia en general. El precio fue justo y el proceso relativamente rápido.,True,2026-04-20 16:44:58.269292-06:00,2026-06-09 16:44:58.269293-06:00
5063bff0-6ee2-4ad4-b8dc-9ad9d8e3b1dd,5c9ded7e-bd44-43d4-9d4c-4172aa3ea492,ed1e6fdb-3e53-4813-b7c3-05e992d498e8,4,Buen servicio al cliente,Conocen muy bien el mercado local. Me dieron información muy valiosa sobre la zona antes de decidir.,True,2026-05-23 16:44:58.269297-06:00,2026-05-24 16:44:58.269299-06:00
0873e55a-685a-4c4c-b86e-5dddd1ac7d74,4b03c34a-2ec7-42e8-a496-8763f64b8bda,56de9961-d090-4e08-9900-b69f2e2bdc1b,5,"Propiedades de calidad, precios justos",El trato fue muy profesional. Me asesoraron bien en el proceso de financiamiento también.,True,2026-06-25 16:44:58.269303-06:00,2026-06-25 16:44:58.269303-06:00
c6a8f724-2ffc-45e1-b666-b11b5c0c0cb8,f45525cf-17b3-4d3c-87a5-d103d781cf92,04fcfbea-aabd-41af-9fcb-ee1905dae1c2,4,Agencia confiable y bien establecida,,True,2025-12-30 16:44:58.269308-06:00,2026-07-04 16:44:58.269309-06:00
aac1b375-9ad4-4aea-ad87-02bf3d88de79,5c9ded7e-bd44-43d4-9d4c-4172aa3ea492,4122ce64-1b0f-4bc0-b0e5-bf6978fc1f81,2,Equipo muy profesional,La información de las propiedades es muy detallada y honesta. No hubo sorpresas al momento de visitar.,True,2026-06-25 16:44:58.269313-06:00,2026-06-25 16:44:58.269313-06:00
28128b92-0c7b-4554-bebf-616f3b198af1,6886adbc-deaf-4cdf-8204-6f552c628891,ea7db29e-1f88-40af-9af3-a5a499004024,5,"Buenas propiedades, comunicación mejorable",La información de las propiedades es muy detallada y honesta. No hubo sorpresas al momento de visitar.,True,2026-05-08 16:44:58.269318-06:00,2026-05-08 16:44:58.269318-06:00
1a8dd891-b19a-47f6-b1f2-cee8d3d2270b,5c9ded7e-bd44-43d4-9d4c-4172aa3ea492,6bfd6ca8-eacb-4be4-8678-66436b5f8afa,5,Buen servicio al cliente,La calidad de las fotos y la descripción de la propiedad eran exactamente como se veía en persona.,False,2026-04-30 16:44:58.269323-06:00,2026-04-30 16:44:58.269323-06:00
925c13a5-713a-4aad-8a1b-1ffa6afdc838,96efd4d2-e8c2-40a3-89fa-7e6eda53c9e2,ee8426dc-7735-4792-917f-dcfe20cf7a9f,5,Proceso ágil y profesional,La calidad de las fotos y la descripción de la propiedad eran exactamente como se veía en persona.,True,2026-03-27 16:44:58.269328-06:00,2026-03-27 16:44:58.269328-06:00
eac69bad-cad4-4cd4-974c-b37f17101f70,c522fc00-ebb4-439d-ab2b-c14b958d145b,6bfd6ca8-eacb-4be4-8678-66436b5f8afa,5,Satisfecho con el proceso de compra,Llevaba meses buscando y esta agencia fue la que mejor entendió lo que necesitaba. Muy recomendados.,True,2026-06-08 16:44:58.269332-06:00,2026-06-15 16:44:58.269333-06:00
c3d6c0d0-72c0-4ba4-aa18-d8283d439d01,5c9ded7e-bd44-43d4-9d4c-4172aa3ea492,3b23438f-e287-4a38-b086-8a067134f160,3,Superó mis expectativas,Trabajé con otros agentes antes y esta fue la mejor experiencia que he tenido en bienes raíces.,True,2026-02-02 16:44:58.269338-06:00,2026-02-02 16:44:58.269338-06:00
f0464293-2f57-4291-836e-7bebda5f0bf4,42df8c3e-05fb-49ee-9c6d-dd3884dd8915,4c1fe19a-896c-46dd-9342-3ddf15d7be95,5,Satisfecho con el proceso de compra,El trato fue muy profesional. Me asesoraron bien en el proceso de financiamiento también.,True,2026-05-11 16:44:58.269343-06:00,2026-05-11 16:44:58.269343-06:00
79ca12aa-81d8-4ce2-9e01-0885a144d67e,6886adbc-deaf-4cdf-8204-6f552c628891,663b8db8-a7e1-41a0-84e8-814f68f4f37a,5,"Propiedades de calidad, precios justos",Tardaron un par de días en responder al inicio pero luego todo fluyó perfectamente. Buenos resultados.,True,2026-02-27 16:44:58.269347-06:00,2026-02-27 16:44:58.269347-06:00
eee953dd-5e5a-4976-96e3-1e0d7ee73b0f,c522fc00-ebb4-439d-ab2b-c14b958d145b,9bbe2275-2ab9-445d-a97a-7c5b6c7acd3d,4,"Buenas propiedades, comunicación mejorable",Tardaron un par de días en responder al inicio pero luego todo fluyó perfectamente. Buenos resultados.,True,2026-02-06 16:44:58.269352-06:00,2026-02-06 16:44:58.269352-06:00
f76676c3-0bfe-43aa-bd8f-196657926f77,5c9ded7e-bd44-43d4-9d4c-4172aa3ea492,2efbbc16-b02f-487b-b6e6-371789daac81,1,"Muy buena agencia, recomendada",Buena experiencia en general. El precio fue justo y el proceso relativamente rápido.,True,2026-06-09 16:44:58.269356-06:00,2026-06-09 16:44:58.269356-06:00
3290e279-47fe-4196-b169-33d2f2edadb2,6886adbc-deaf-4cdf-8204-6f552c628891,f5b97fd3-b0c3-4279-b523-64f49f49ba2f,5,Equipo muy profesional,Buena experiencia en general. El precio fue justo y el proceso relativamente rápido.,True,2025-10-28 16:44:58.269361-06:00,2025-10-28 16:44:58.269361-06:00
d2bbe912-c766-41ef-8f51-09b885629d1a,c522fc00-ebb4-439d-ab2b-c14b958d145b,2efbbc16-b02f-487b-b6e6-371789daac81,5,"Muy buena agencia, recomendada",La información de las propiedades es muy detallada y honesta. No hubo sorpresas al momento de visitar.,True,2026-02-10 16:44:58.269365-06:00,2026-02-10 16:44:58.269365-06:00
31852e6f-05f5-4f2d-9240-c5a418080b30,96efd4d2-e8c2-40a3-89fa-7e6eda53c9e2,86888db1-a8be-43eb-9300-52a78ea9743b,5,Equipo muy profesional,La calidad de las fotos y la descripción de la propiedad eran exactamente como se veía en persona.,True,2025-10-18 16:44:58.269370-06:00,2025-10-18 16:44:58.269370-06:00
cc066415-2c49-4e13-8d98-482e58e5d08e,f45525cf-17b3-4d3c-87a5-d103d781cf92,87f970d4-6ab7-47d6-8f5c-b8f964250b6d,3,"Muy buena agencia, recomendada",Buena experiencia en general. El precio fue justo y el proceso relativamente rápido.,True,2026-05-27 16:44:58.269374-06:00,2026-05-27 16:44:58.269374-06:00
64f3b9d6-a6bc-4ef8-a62b-9a7338309076,96efd4d2-e8c2-40a3-89fa-7e6eda53c9e2,62ce4d65-9b64-4521-a199-180582265277,1,Satisfecho con el proceso de compra,Tardaron un par de días en responder al inicio pero luego todo fluyó perfectamente. Buenos resultados.,True,2025-11-23 16:44:58.269379-06:00,2025-11-23 16:44:58.269379-06:00
60eb9b71-2f66-42f3-b90b-e8ba24e168cb,96efd4d2-e8c2-40a3-89fa-7e6eda53c9e2,fd1a4d85-4cac-4ee7-8ff5-2b6e08af64d2,3,Agencia confiable y bien establecida,El proceso desde la consulta inicial hasta el cierre fue muy fluido. El equipo respondió todas mis preguntas rápidamente.,True,2026-02-08 16:44:58.269384-06:00,2026-02-08 16:44:58.269384-06:00
2822a619-8f0f-437b-b734-d8794100c326,4b03c34a-2ec7-42e8-a496-8763f64b8bda,ed1e6fdb-3e53-4813-b7c3-05e992d498e8,1,"Muy buena agencia, recomendada",La calidad de las fotos y la descripción de la propiedad eran exactamente como se veía en persona.,True,2025-11-28 16:44:58.269389-06:00,2026-06-19 16:44:58.269390-06:00
a8f20330-81aa-49f7-aee2-fb71e7d95f63,42df8c3e-05fb-49ee-9c6d-dd3884dd8915,ac6600e2-6bb6-4c9a-bf84-d628db667632,3,Buen servicio al cliente,La información de las propiedades es muy detallada y honesta. No hubo sorpresas al momento de visitar.,True,2025-10-02 16:44:58.269395-06:00,2025-10-02 16:44:58.269395-06:00
738ed9c4-613f-48ea-8224-91c8a799e07d,42df8c3e-05fb-49ee-9c6d-dd3884dd8915,3e85483c-928f-44fe-9948-643fc1f0ad86,5,Equipo muy profesional,Trabajé con otros agentes antes y esta fue la mejor experiencia que he tenido en bienes raíces.,True,2026-03-18 16:44:58.269399-06:00,2026-03-18 16:44:58.269399-06:00
75a52170-1b5b-413b-891b-a170a6f85ec6,96efd4d2-e8c2-40a3-89fa-7e6eda53c9e2,dcfc3f43-6a00-43ec-ac2f-57998e82998e,5,Excelente atención y proceso transparente,Tardaron un par de días en responder al inicio pero luego todo fluyó perfectamente. Buenos resultados.,True,2026-03-17 16:44:58.269404-06:00,2026-03-17 16:44:58.269404-06:00
1f2ba41f-8aa2-41c1-be49-6d039b7264ff,6886adbc-deaf-4cdf-8204-6f552c628891,261ff675-435a-426d-a61f-24ff82b97668,5,Superó mis expectativas,Tardaron un par de días en responder al inicio pero luego todo fluyó perfectamente. Buenos resultados.,True,2025-11-18 16:44:58.269408-06:00,2025-11-18 16:44:58.269408-06:00
51e5d5ed-ac06-4de5-a749-1fcec2e3ab3f,42df8c3e-05fb-49ee-9c6d-dd3884dd8915,0f9f4eee-de94-4c42-8c87-9906d73d213f,4,Equipo muy profesional,La información de las propiedades es muy detallada y honesta. No hubo sorpresas al momento de visitar.,True,2026-04-21 16:44:58.269413-06:00,2026-04-21 16:44:58.269413-06:00
108a3047-7e1b-41b9-a084-175f930997ab,42df8c3e-05fb-49ee-9c6d-dd3884dd8915,7b922293-cbe7-4e0b-9205-9fba88888a46,4,Agencia confiable y bien establecida,Trabajé con otros agentes antes y esta fue la mejor experiencia que he tenido en bienes raíces.,True,2025-11-19 16:44:58.269417-06:00,2026-06-20 16:44:58.269419-06:00
d1ca3b1d-a36d-4dcc-b107-026392e5b086,c522fc00-ebb4-439d-ab2b-c14b958d145b,ea7db29e-1f88-40af-9af3-a5a499004024,3,Agencia confiable y bien establecida,Llevaba meses buscando y esta agencia fue la que mejor entendió lo que necesitaba. Muy recomendados.,True,2025-11-22 16:44:58.269423-06:00,2025-11-22 16:44:58.269423-06:00
4189759e-a500-44c5-bf79-e5ce5eef7cfd,4b03c34a-2ec7-42e8-a496-8763f64b8bda,3b23438f-e287-4a38-b086-8a067134f160,5,Equipo muy profesional,Buena experiencia en general. El precio fue justo y el proceso relativamente rápido.,True,2025-09-26 16:44:58.269428-06:00,2025-09-26 16:44:58.269428-06:00
bf168edc-4619-416d-92f7-ffde4bef6650,4805f37f-95d5-45fb-b201-99e2a734bd9e,3f516892-96a1-4860-8457-81543df6405b,5,Satisfecho con el proceso de compra,Trabajé con otros agentes antes y esta fue la mejor experiencia que he tenido en bienes raíces.,True,2026-04-30 16:44:58.269433-06:00,2026-04-30 16:44:58.269433-06:00
9d1a49fc-fa0f-402e-a9be-7a268a228b18,5c9ded7e-bd44-43d4-9d4c-4172aa3ea492,405b9a9f-bcf2-4a22-8b0e-95acca0d41be,2,Satisfecho con el proceso de compra,El proceso desde la consulta inicial hasta el cierre fue muy fluido. El equipo respondió todas mis preguntas rápidamente.,False,2026-02-01 16:44:58.269437-06:00,2026-02-01 16:44:58.269437-06:00
b15b4fc3-faf3-47f7-ab45-4a98c6231de2,4805f37f-95d5-45fb-b201-99e2a734bd9e,043ec065-1baf-4e97-8c97-3122fe40c3b4,5,"Muy buena agencia, recomendada",El proceso desde la consulta inicial hasta el cierre fue muy fluido. El equipo respondió todas mis preguntas rápidamente.,True,2025-11-10 16:44:58.269442-06:00,2025-11-10 16:44:58.269442-06:00
76ca8a1f-c1ae-42ca-bda1-f6fb0edb2eb8,4b03c34a-2ec7-42e8-a496-8763f64b8bda,faa45676-2362-4875-a6f8-3b5dd68f2853,1,"Buenas propiedades, comunicación mejorable",La calidad de las fotos y la descripción de la propiedad eran exactamente como se veía en persona.,True,2025-12-27 16:44:58.269446-06:00,2025-12-27 16:44:58.269446-06:00
fecb7e3d-ec67-4a95-86ff-2223113e40e2,5c9ded7e-bd44-43d4-9d4c-4172aa3ea492,1a2c3cfa-5878-4620-b2ba-00a5d0864806,3,"Muy buena agencia, recomendada",Buena experiencia en general. El precio fue justo y el proceso relativamente rápido.,True,2025-11-03 16:44:58.269451-06:00,2025-11-03 16:44:58.269451-06:00
f8e9f4f9-d906-4401-92b8-2f134c9cb673,5c9ded7e-bd44-43d4-9d4c-4172aa3ea492,f5b97fd3-b0c3-4279-b523-64f49f49ba2f,4,"Muy buena agencia, recomendada",La información de las propiedades es muy detallada y honesta. No hubo sorpresas al momento de visitar.,True,2026-05-31 16:44:58.269455-06:00,2026-05-31 16:44:58.269455-06:00
b285b181-d6eb-4800-9fab-63a4da990eda,c522fc00-ebb4-439d-ab2b-c14b958d145b,f5b97fd3-b0c3-4279-b523-64f49f49ba2f,5,"Muy buena agencia, recomendada",,True,2026-02-10 16:44:58.269461-06:00,2026-02-10 16:44:58.269461-06:00
670ea60c-220f-4a8a-9a13-e9f1c9e9ca67,4b03c34a-2ec7-42e8-a496-8763f64b8bda,727a505a-3ad3-4aaa-979a-2c717ba05cde,4,Excelente atención y proceso transparente,El trato fue muy profesional. Me asesoraron bien en el proceso de financiamiento también.,True,2026-03-29 16:44:58.269465-06:00,2026-03-29 16:44:58.269465-06:00
10093865-31a9-4ba2-81a0-77fb5a9d7ed9,4b03c34a-2ec7-42e8-a496-8763f64b8bda,05ca9e28-bb45-4d0e-a2b2-db233c675dff,4,"Propiedades de calidad, precios justos",Proceso limpio y transparente. Los documentos estuvieron listos sin contratiempos.,True,2025-10-01 16:44:58.269470-06:00,2025-10-01 16:44:58.269470-06:00
c6b45960-dbe2-4ce1-b35a-b5df70c71dea,42df8c3e-05fb-49ee-9c6d-dd3884dd8915,908adff9-1947-44e7-b485-ac7e8f5c664d,5,"Muy buena agencia, recomendada",Buena experiencia en general. El precio fue justo y el proceso relativamente rápido.,True,2026-06-11 16:44:58.269475-06:00,2026-06-11 16:44:58.269475-06:00
5adeb24f-b735-4701-9aee-28d790b8d4ff,4805f37f-95d5-45fb-b201-99e2a734bd9e,ac6600e2-6bb6-4c9a-bf84-d628db667632,5,Buen servicio al cliente,,True,2026-05-17 16:44:58.269479-06:00,2026-05-17 16:44:58.269479-06:00
5e76cf30-77b2-4d9f-ba91-da875a8ee106,5c9ded7e-bd44-43d4-9d4c-4172aa3ea492,b3be4be2-622a-40ad-80bd-2abee6216685,5,Buen servicio al cliente,El proceso desde la consulta inicial hasta el cierre fue muy fluido. El equipo respondió todas mis preguntas rápidamente.,True,2026-07-05 16:44:58.269484-06:00,2026-07-05 16:44:58.269484-06:00
0bc02de7-d9ed-426c-a21d-58a51887abe6,4805f37f-95d5-45fb-b201-99e2a734bd9e,3e85483c-928f-44fe-9948-643fc1f0ad86,3,Excelente atención y proceso transparente,Llevaba meses buscando y esta agencia fue la que mejor entendió lo que necesitaba. Muy recomendados.,True,2026-02-28 16:44:58.269491-06:00,2026-06-14 16:44:58.269492-06:00
6a6c3025-fad5-45cb-820d-44ee025255d2,5c9ded7e-bd44-43d4-9d4c-4172aa3ea492,b8cc1148-950b-496c-862a-7840a73e8e01,4,Buen servicio al cliente,Conocen muy bien el mercado local. Me dieron información muy valiosa sobre la zona antes de decidir.,True,2025-11-09 16:44:58.269497-06:00,2026-06-27 16:44:58.269498-06:00
faf27eb9-fb16-4a7a-8121-0c6ca350bc88,96efd4d2-e8c2-40a3-89fa-7e6eda53c9e2,9bbe2275-2ab9-445d-a97a-7c5b6c7acd3d,4,Buen servicio al cliente,Conocen muy bien el mercado local. Me dieron información muy valiosa sobre la zona antes de decidir.,True,2026-05-03 16:44:58.269502-06:00,2026-05-03 16:44:58.269502-06:00
78d4021c-4dee-41ff-9b90-b2353b8cc44a,4805f37f-95d5-45fb-b201-99e2a734bd9e,1a2c3cfa-5878-4620-b2ba-00a5d0864806,5,Superó mis expectativas,El trato fue muy profesional. Me asesoraron bien en el proceso de financiamiento también.,True,2026-04-30 16:44:58.269507-06:00,2026-04-30 16:44:58.269507-06:00
2f0e2cb5-3f4d-4384-9ebf-33f4bd04d66a,5c9ded7e-bd44-43d4-9d4c-4172aa3ea492,4c1fe19a-896c-46dd-9342-3ddf15d7be95,5,Excelente atención y proceso transparente,La información de las propiedades es muy detallada y honesta. No hubo sorpresas al momento de visitar.,True,2026-01-27 16:44:58.269511-06:00,2026-01-27 16:44:58.269511-06:00
b6f6924c-934f-43b1-bc7c-a3ef07c3dad8,c522fc00-ebb4-439d-ab2b-c14b958d145b,2c7d79d1-acf0-4dc0-abba-d633d58b994e,4,"Muy buena agencia, recomendada",Conocen muy bien el mercado local. Me dieron información muy valiosa sobre la zona antes de decidir.,True,2025-10-21 16:44:58.269516-06:00,2025-10-21 16:44:58.269516-06:00
cffbd8c0-e187-47c8-a681-fe7e54d7d132,f45525cf-17b3-4d3c-87a5-d103d781cf92,faa45676-2362-4875-a6f8-3b5dd68f2853,4,Equipo muy profesional,La información de las propiedades es muy detallada y honesta. No hubo sorpresas al momento de visitar.,True,2026-05-10 16:44:58.269520-06:00,2026-05-10 16:44:58.269520-06:00
ae728de9-246b-4fb8-982d-2c394a0a0915,4805f37f-95d5-45fb-b201-99e2a734bd9e,7b922293-cbe7-4e0b-9205-9fba88888a46,2,Proceso ágil y profesional,La calidad de las fotos y la descripción de la propiedad eran exactamente como se veía en persona.,True,2026-03-30 16:44:58.269525-06:00,2026-05-24 16:44:58.269526-06:00
e11b5e1c-f1dd-4eeb-96d6-ef99ef7f8887,4b03c34a-2ec7-42e8-a496-8763f64b8bda,663b8db8-a7e1-41a0-84e8-814f68f4f37a,2,Satisfecho con el proceso de compra,,True,2025-10-17 16:44:58.269531-06:00,2026-05-23 16:44:58.269532-06:00
9271eca8-5cb0-49fa-ba04-4771cc278552,42df8c3e-05fb-49ee-9c6d-dd3884dd8915,866af491-931b-4e53-8baa-f593940af44a,5,Superó mis expectativas,Tardaron un par de días en responder al inicio pero luego todo fluyó perfectamente. Buenos resultados.,True,2026-01-17 16:44:58.269537-06:00,2026-01-17 16:44:58.269537-06:00
ad01a2cc-4b1c-400c-90f3-c2f1c9465c98,f45525cf-17b3-4d3c-87a5-d103d781cf92,727a505a-3ad3-4aaa-979a-2c717ba05cde,5,"Muy buena agencia, recomendada",El trato fue muy profesional. Me asesoraron bien en el proceso de financiamiento también.,True,2025-12-17 16:44:58.269542-06:00,2025-12-17 16:44:58.269542-06:00
31f110af-c7d0-4ba2-9593-cab29cf1d1bf,5c9ded7e-bd44-43d4-9d4c-4172aa3ea492,9bce2786-49e3-4000-9464-4479e0f1bc70,2,Equipo muy profesional,El trato fue muy profesional. Me asesoraron bien en el proceso de financiamiento también.,True,2025-11-01 16:44:58.269546-06:00,2025-11-01 16:44:58.269546-06:00
ba6f3dcf-d824-4df0-aa15-9bd71f1051ce,c522fc00-ebb4-439d-ab2b-c14b958d145b,87f970d4-6ab7-47d6-8f5c-b8f964250b6d,5,Agencia confiable y bien establecida,El proceso desde la consulta inicial hasta el cierre fue muy fluido. El equipo respondió todas mis preguntas rápidamente.,True,2025-10-31 16:44:58.269551-06:00,2025-10-31 16:44:58.269551-06:00
bcbdbede-f7ba-4bea-bff1-53258bf4ef7f,6886adbc-deaf-4cdf-8204-6f552c628891,908adff9-1947-44e7-b485-ac7e8f5c664d,4,Satisfecho con el proceso de compra,Proceso limpio y transparente. Los documentos estuvieron listos sin contratiempos.,True,2026-05-04 16:44:58.269556-06:00,2026-05-04 16:44:58.269556-06:00
6b4491ed-e4a4-467f-9b2d-496f916e6137,4b03c34a-2ec7-42e8-a496-8763f64b8bda,f5b97fd3-b0c3-4279-b523-64f49f49ba2f,4,Agencia confiable y bien establecida,,True,2025-10-13 16:44:58.269561-06:00,2025-10-13 16:44:58.269561-06:00
d3437f43-c20a-4163-b8cd-d35e84498a61,42df8c3e-05fb-49ee-9c6d-dd3884dd8915,53896f94-3e54-4240-99a0-f15db77d970c,4,Satisfecho con el proceso de compra,El trato fue muy profesional. Me asesoraron bien en el proceso de financiamiento también.,True,2025-09-26 16:44:58.269565-06:00,2025-09-26 16:44:58.269565-06:00
ce10ad7d-836e-40f4-b759-eda44690894a,4805f37f-95d5-45fb-b201-99e2a734bd9e,2ec5bf84-2777-4d0c-a1d5-145ab4e66288,4,Agencia confiable y bien establecida,Llevaba meses buscando y esta agencia fue la que mejor entendió lo que necesitaba. Muy recomendados.,True,2025-10-19 16:44:58.269570-06:00,2026-06-14 16:44:58.269571-06:00
0910793d-0d07-477d-b573-d8836ad18519,6886adbc-deaf-4cdf-8204-6f552c628891,3829bb5e-b6b9-493d-9826-447161920e88,5,"Muy buena agencia, recomendada",La calidad de las fotos y la descripción de la propiedad eran exactamente como se veía en persona.,True,2026-01-06 16:44:58.269576-06:00,2026-01-06 16:44:58.269576-06:00
aa095643-3f6a-499b-bf02-95f58b9fe392,4805f37f-95d5-45fb-b201-99e2a734bd9e,47d6ec26-c79e-435c-8eac-865573b2ac78,5,Buen servicio al cliente,La calidad de las fotos y la descripción de la propiedad eran exactamente como se veía en persona.,True,2026-07-05 16:44:58.269580-06:00,2026-07-05 16:44:58.269580-06:00
bf7eb5c7-bf3a-420d-890e-f040d7339e65,4805f37f-95d5-45fb-b201-99e2a734bd9e,e5e226d9-0d40-49cb-9ef1-b3afe1b53676,5,"Buenas propiedades, comunicación mejorable",Buena experiencia en general. El precio fue justo y el proceso relativamente rápido.,True,2026-01-23 16:44:58.269584-06:00,2026-01-23 16:44:58.269584-06:00
cf889fde-ad1c-4f76-9b0a-98aa894f7b11,42df8c3e-05fb-49ee-9c6d-dd3884dd8915,5d85bd5e-5062-486a-bfdf-5b9d01c96d7c,4,Satisfecho con el proceso de compra,La información de las propiedades es muy detallada y honesta. No hubo sorpresas al momento de visitar.,True,2026-06-18 16:44:58.269594-06:00,2026-06-18 16:44:58.269594-06:00
