user_id,first_name,last_name,phone,avatar_url,bio,country,city,created_at,updated_at
9a88019a-610d-476f-bee3-5cab7744ce79,Marco Antonio,Briseño,79411152,https://ui-avatars.com/api/?name=9a88019a-610d-476f-bee3-5cab7744ce79&size=150&background=random,implementación 6ta generación operativo — Socialista mientras estudios junto cada.,Costa Rica,San José,2025-07-02 16:44:46.873926-06:00,2025-07-02 16:44:46.873926-06:00
66672517-8754-4ebe-908a-ad8ce2165ebb,Estela,de la Rosa,60339663,https://ui-avatars.com/api/?name=66672517-8754-4ebe-908a-ad8ce2165ebb&size=150&background=random,capacidad compuesto multicanal — Misma cuerpo la mirada educación contra.,Costa Rica,San José,2026-03-04 16:44:47.066866-06:00,2026-03-04 16:44:47.066866-06:00
3829bb5e-b6b9-493d-9826-447161920e88,Javier,Bustos,84464166,https://ui-avatars.com/api/?name=3829bb5e-b6b9-493d-9826-447161920e88&size=150&background=random,iniciativa no-volátil expandido — Área actividades cultura sí aquellas española hacia.,Costa Rica,Santa Cruz,2025-11-01 16:44:47.259646-06:00,2025-11-01 16:44:47.259646-06:00
ee8426dc-7735-4792-917f-dcfe20cf7a9f,Marcela,Villagómez,64615923,https://ui-avatars.com/api/?name=ee8426dc-7735-4792-917f-dcfe20cf7a9f&size=150&background=random,actitud 4ta generación integrado — Diferencia mayor pero otra aunque problema sociales u voluntad.,Costa Rica,Puntarenas,2026-06-16 16:44:47.452378-06:00,2026-06-16 16:44:47.452378-06:00
ac6600e2-6bb6-4c9a-bf84-d628db667632,Isaac,Lucio,61896382,https://ui-avatars.com/api/?name=ac6600e2-6bb6-4c9a-bf84-d628db667632&size=150&background=random,aplicación escalable digitalizado — Niños alta régimen diciembre propia pasado relaciones estas usted cuanto buen quienes éxito doctor ellos empresas resto jorge oficial.,Costa Rica,Cartago,2025-05-13 16:44:47.645094-06:00,2025-05-13 16:44:47.645094-06:00
9bce2786-49e3-4000-9464-4479e0f1bc70,Andrés,Castellanos,81510026,https://ui-avatars.com/api/?name=9bce2786-49e3-4000-9464-4479e0f1bc70&size=150&background=random,interfaz gráfica motivadora seguro — Santiago padres al única san área el partido les fecha.,Costa Rica,Heredia,2026-01-17 16:44:47.838069-06:00,2026-01-17 16:44:47.838069-06:00
2efbbc16-b02f-487b-b6e6-371789daac81,Isabel,Prieto,87710143,https://ui-avatars.com/api/?name=2efbbc16-b02f-487b-b6e6-371789daac81&size=150&background=random,interfaz cliente-servidor de primera línea — Existen operación iba efecto considera iglesia cama.,Costa Rica,San José,2025-10-14 16:44:48.031014-06:00,2025-10-14 16:44:48.031014-06:00
6d323590-f99e-4a0f-a9f3-30f82bf63721,David,Benavídez,70831566,https://ui-avatars.com/api/?name=6d323590-f99e-4a0f-a9f3-30f82bf63721&size=150&background=random,adaptador optimizada asimilado — Sino joven negro jorge chile durante importancia total.,Costa Rica,Grecia,2026-05-03 16:44:48.223593-06:00,2026-05-03 16:44:48.223593-06:00
62ce4d65-9b64-4521-a199-180582265277,Agustín,León,69759826,https://ui-avatars.com/api/?name=62ce4d65-9b64-4521-a199-180582265277&size=150&background=random,base de trabajo coherente automatizado — Seguridad tipo esos interior sino nivel máximo sus amigos d.,Costa Rica,Paraíso,2026-01-23 16:44:48.418139-06:00,2026-01-23 16:44:48.418139-06:00
04fcfbea-aabd-41af-9fcb-ee1905dae1c2,Clara,Lucio,77538305,https://ui-avatars.com/api/?name=04fcfbea-aabd-41af-9fcb-ee1905dae1c2&size=150&background=random,analista dinámica programable — Educación mismo demasiado frente amor es ciento metros parecía jefe real partes américa carta población libre.,Costa Rica,Carrillo,2025-11-09 16:44:48.610809-06:00,2025-11-09 16:44:48.610809-06:00
e570d996-fa04-4f3a-956f-74c3884b4e9f,Florencia,Muñoz,70268699,https://ui-avatars.com/api/?name=e570d996-fa04-4f3a-956f-74c3884b4e9f&size=150&background=random,moderador tiempo real enfocado — Pocos ningún hacen padres nacional porque económica sistema josé humana.,Costa Rica,San José,2025-05-11 16:44:48.803590-06:00,2025-05-11 16:44:48.803590-06:00
f5b97fd3-b0c3-4279-b523-64f49f49ba2f,Gabriel,Trujillo,84257770,https://ui-avatars.com/api/?name=f5b97fd3-b0c3-4279-b523-64f49f49ba2f&size=150&background=random,inteligencia artificial escalable orgánico — Entonces viene seguridad necesidad nuestra hicieron ella sociedad favor.,Costa Rica,Cartago,2026-04-12 16:44:48.996601-06:00,2026-04-12 16:44:48.996601-06:00
dcfc3f43-6a00-43ec-ac2f-57998e82998e,Joaquín,Cardenas,74640843,https://ui-avatars.com/api/?name=dcfc3f43-6a00-43ec-ac2f-57998e82998e&size=150&background=random,website uniforme multicanal — Sociedad estos cualquier modo mirada común ha hoy plazo sino llega actividad cabo necesidad fuerzas derecho nombre iba.,Costa Rica,San José,2026-06-15 16:44:49.189226-06:00,2026-06-15 16:44:49.189226-06:00
261ff675-435a-426d-a61f-24ff82b97668,Leonel,Pabón,70086327,https://ui-avatars.com/api/?name=261ff675-435a-426d-a61f-24ff82b97668&size=150&background=random,base de datos maximizada en toda la empresa — Consejo último precio naturaleza pasar profesional análisis público sociales fueron presidente más ex hacen lado punto posible amor.,Costa Rica,Liberia,2026-04-23 16:44:49.382034-06:00,2026-04-23 16:44:49.382034-06:00
6495bfec-8864-4441-9a5b-ad09aff7b980,Salma,Abrego,88742604,https://ui-avatars.com/api/?name=6495bfec-8864-4441-9a5b-ad09aff7b980&size=150&background=random,orquestar compuesto organizado — Ir muy pasa quien desde servicio teoría principales experiencia generales amigo mayoría club acuerdo vista imagen manuel posible cabo no.,Costa Rica,Carrillo,2026-03-01 16:44:49.574686-06:00,2026-03-01 16:44:49.574686-06:00
e5e226d9-0d40-49cb-9ef1-b3afe1b53676,Ana Luisa,Sánchez,86638729,https://ui-avatars.com/api/?name=e5e226d9-0d40-49cb-9ef1-b3afe1b53676&size=150&background=random,alianza holística asimilado — Curso nuestras tipo marzo pudo tales don proceso momento.,Costa Rica,Heredia,2026-03-21 16:44:49.767457-06:00,2026-03-21 16:44:49.767457-06:00
1ab7fd42-64a1-430f-93da-300a04910494,Natividad,Ballesteros,89918269,https://ui-avatars.com/api/?name=1ab7fd42-64a1-430f-93da-300a04910494&size=150&background=random,metodologías 6ta generación seguro — Padres período las partes expresión gran verdad s período fue otras.,Costa Rica,San José,2026-04-21 16:44:49.960981-06:00,2026-04-21 16:44:49.960981-06:00
61af2084-94e6-483d-b446-3f18547e9ea3,Hernán,Haro,70035177,https://ui-avatars.com/api/?name=61af2084-94e6-483d-b446-3f18547e9ea3&size=150&background=random,metodologías generada por el cliente multicanal — Nos propio volvió dar pero nacional muestra suerte ley aquella sea comenzó mesa.,Costa Rica,Heredia,2026-02-14 16:44:50.154318-06:00,2026-02-14 16:44:50.154318-06:00
4c1fe19a-896c-46dd-9342-3ddf15d7be95,María Cristina,Benítez,72989513,https://ui-avatars.com/api/?name=4c1fe19a-896c-46dd-9342-3ddf15d7be95&size=150&background=random,caja de herramientas local mandatorio — Actividades saber tienen elecciones acto caso ningún.,Costa Rica,Barva,2025-12-15 16:44:50.348149-06:00,2025-12-15 16:44:50.348149-06:00
0e38dbbf-5e07-4ac5-b3db-816ccc204d09,Humberto,Gonzales,86047109,https://ui-avatars.com/api/?name=0e38dbbf-5e07-4ac5-b3db-816ccc204d09&size=150&background=random,migración terciaria automatizado — Me primeras verdad gran economía control acto carne diferencia médico misma son.,Costa Rica,Talamanca,2026-06-20 16:44:50.540778-06:00,2026-06-20 16:44:50.540778-06:00
866af491-931b-4e53-8baa-f593940af44a,Ángela,Tamayo,87389914,https://ui-avatars.com/api/?name=866af491-931b-4e53-8baa-f593940af44a&size=150&background=random,línea segura móvil avanzado — Militares francia conjunto pasó deseo clase entrada situación.,Costa Rica,Heredia,2025-08-01 16:44:50.733456-06:00,2025-08-01 16:44:50.733456-06:00
908adff9-1947-44e7-b485-ac7e8f5c664d,Teodoro,Paredes,69942427,https://ui-avatars.com/api/?name=908adff9-1947-44e7-b485-ac7e8f5c664d&size=150&background=random,línea segura tolerancia cero enfocado al cliente — Supuesto cultural ocasión ayer primero marco.,Costa Rica,Puntarenas,2025-08-23 16:44:50.926201-06:00,2025-08-23 16:44:50.926201-06:00
043ec065-1baf-4e97-8c97-3122fe40c3b4,Pedro,Salcido,84579283,https://ui-avatars.com/api/?name=043ec065-1baf-4e97-8c97-3122fe40c3b4&size=150&background=random,superestructura multiestado compatible — Madre general instituto sino escuela sala pese.,Costa Rica,San José,2026-01-28 16:44:51.118868-06:00,2026-01-28 16:44:51.118868-06:00
ea7db29e-1f88-40af-9af3-a5a499004024,Dalia,Esquivel,61736569,https://ui-avatars.com/api/?name=ea7db29e-1f88-40af-9af3-a5a499004024&size=150&background=random,inteligencia artificial misión crítica de tamaño adecuado — Hora norte encuentro pie mientras lugar carrera posibilidad humana explicó afirmó cambios.,Costa Rica,San José,2025-08-31 16:44:51.311539-06:00,2025-08-31 16:44:51.311539-06:00
2c7d79d1-acf0-4dc0-abba-d633d58b994e,Bruno,Blanco,65585035,https://ui-avatars.com/api/?name=2c7d79d1-acf0-4dc0-abba-d633d58b994e&size=150&background=random,enfoque discreta progresivo — Productos comercio muchos otra fiscal domingo hacen conciencia siglo imagen grande carrera corazón.,Costa Rica,Cartago,2026-03-08 16:44:51.504169-06:00,2026-03-08 16:44:51.504169-06:00
ed1e6fdb-3e53-4813-b7c3-05e992d498e8,Elvia,Montes,82595348,https://ui-avatars.com/api/?name=ed1e6fdb-3e53-4813-b7c3-05e992d498e8&size=150&background=random,analista basado en contenido extendido — Ambiente dicen quería sea están respecto distintas dónde actual club rey.,Costa Rica,Alajuela,2026-07-04 16:44:51.697029-06:00,2026-07-04 16:44:51.697029-06:00
405b9a9f-bcf2-4a22-8b0e-95acca0d41be,Ana Luisa,Lerma,63466434,https://ui-avatars.com/api/?name=405b9a9f-bcf2-4a22-8b0e-95acca0d41be&size=150&background=random,base de trabajo 6ta generación administrado — Cual manuel primeros especial paciente realidad vuelta estas barcelona militar servicios tras.,Costa Rica,San José,2025-04-20 16:44:51.890964-06:00,2025-04-20 16:44:51.890964-06:00
86888db1-a8be-43eb-9300-52a78ea9743b,Eric,Roldán,87232705,https://ui-avatars.com/api/?name=86888db1-a8be-43eb-9300-52a78ea9743b&size=150&background=random,orquestar recíproca integrado — Ministerio dicho control desde son quiero torno ley actividades fin españa serie las interés personas alta quizá proyecto.,Costa Rica,Liberia,2025-08-10 16:44:52.083852-06:00,2025-08-10 16:44:52.083852-06:00
5d85bd5e-5062-486a-bfdf-5b9d01c96d7c,Miguel,Colunga,78420605,https://ui-avatars.com/api/?name=5d85bd5e-5062-486a-bfdf-5b9d01c96d7c&size=150&background=random,flexibilidad multiestado monitoreado — Ahí base real líder mira empresas va operación verdad grandes estado han derechos pesetas habrá.,Costa Rica,San José,2026-04-21 16:44:52.276859-06:00,2026-04-21 16:44:52.276859-06:00
651a34a7-7b3b-4d1d-9858-3794c5902b27,Joaquín,Orellana,81043653,https://ui-avatars.com/api/?name=651a34a7-7b3b-4d1d-9858-3794c5902b27&size=150&background=random,sinergia acompasada preventivo — Dicen españa doctor manuel primero.,Costa Rica,Santa Cruz,2026-06-19 16:44:52.469387-06:00,2026-06-19 16:44:52.469387-06:00
f39e6de3-4718-4a72-abe9-fc3e3d0b5dd2,Carlota,Ortiz,89134560,https://ui-avatars.com/api/?name=f39e6de3-4718-4a72-abe9-fc3e3d0b5dd2&size=150&background=random,utilización radical multicanal — Bien oposición blanco buenos plan otras encuentran mediante características equipo cualquier razones.,Costa Rica,San José,2026-04-05 16:44:52.662018-06:00,2026-04-05 16:44:52.662018-06:00
47d6ec26-c79e-435c-8eac-865573b2ac78,Gonzalo,Reynoso,85878301,https://ui-avatars.com/api/?name=47d6ec26-c79e-435c-8eac-865573b2ac78&size=150&background=random,caja de herramientas multimedia centrado en el usuario — Encuentro idea ahora militares tener actividad saber tema años.,Costa Rica,Liberia,2026-07-05 16:44:52.854878-06:00,2026-07-05 16:44:52.854878-06:00
56de9961-d090-4e08-9900-b69f2e2bdc1b,Reynaldo,Jaramillo,72316856,https://ui-avatars.com/api/?name=56de9961-d090-4e08-9900-b69f2e2bdc1b&size=150&background=random,aprovechar ejecutiva universal — G martín existen precio comercio especial larga tomar bueno chile obra guerra sobre ve obra técnica.,Costa Rica,Santa Cruz,2026-06-22 16:44:53.047662-06:00,2026-06-22 16:44:53.047662-06:00
7b922293-cbe7-4e0b-9205-9fba88888a46,Abigail,Peres,85897478,https://ui-avatars.com/api/?name=7b922293-cbe7-4e0b-9205-9fba88888a46&size=150&background=random,fuerza de trabajo maximizada mandatorio — Radio reunión humana campaña pequeña pesar varios encima.,Costa Rica,San José,2026-02-01 16:44:53.240474-06:00,2026-02-01 16:44:53.240474-06:00
2ec5bf84-2777-4d0c-a1d5-145ab4e66288,Lilia,Olivera,84355270,https://ui-avatars.com/api/?name=2ec5bf84-2777-4d0c-a1d5-145ab4e66288&size=150&background=random,website no-volátil diverso — Deja un lleva ciencia chile perdido p voluntad participación dolor mantener hasta tierra hacia bueno.,Costa Rica,Grecia,2026-06-27 16:44:53.433315-06:00,2026-06-27 16:44:53.433315-06:00
9bbe2275-2ab9-445d-a97a-7c5b6c7acd3d,Caridad,Mares,81696156,https://ui-avatars.com/api/?name=9bbe2275-2ab9-445d-a97a-7c5b6c7acd3d&size=150&background=random,portal generado por la demanda inverso — Dinero congreso precisamente poco partir demasiado piel fin muestra gran llegar actividad será.,Costa Rica,Osa,2025-09-03 16:44:53.626103-06:00,2025-09-03 16:44:53.626103-06:00
1a2c3cfa-5878-4620-b2ba-00a5d0864806,Paulina,Mireles,70869831,https://ui-avatars.com/api/?name=1a2c3cfa-5878-4620-b2ba-00a5d0864806&size=150&background=random,sinergia heurística recontextualizado — Necesario existencia tenía suerte peso ayer permite.,Costa Rica,Grecia,2026-03-06 16:44:53.819090-06:00,2026-03-06 16:44:53.819090-06:00
727a505a-3ad3-4aaa-979a-2c717ba05cde,Estela,Cervantes,77846519,https://ui-avatars.com/api/?name=727a505a-3ad3-4aaa-979a-2c717ba05cde&size=150&background=random,previsión basado en el contexto administrado — Por dio mayoría pese otras consecuencia comenzó.,Costa Rica,Desamparados,2026-06-13 16:44:54.011962-06:00,2026-06-13 16:44:54.011962-06:00
235e928f-1404-4e57-be1f-24862935171d,Elsa,Santacruz,87655610,https://ui-avatars.com/api/?name=235e928f-1404-4e57-be1f-24862935171d&size=150&background=random,proceso de mejora cohesiva personalizable — Palabras acto poco podía éxito hasta acto hermano francisco.,Costa Rica,Grecia,2026-02-07 16:44:54.204522-06:00,2026-02-07 16:44:54.204522-06:00
3b23438f-e287-4a38-b086-8a067134f160,Benito,Rodarte,69951722,https://ui-avatars.com/api/?name=3b23438f-e287-4a38-b086-8a067134f160&size=150&background=random,interfaz gráfico de usuario tangible persistente — Internacional investigación vivir características diversas televisión decir durante estructura les.,Costa Rica,Nicoya,2026-04-25 16:44:54.397643-06:00,2026-04-25 16:44:54.397643-06:00
b8cc1148-950b-496c-862a-7840a73e8e01,Alta  Gracia,Tapia,64361886,https://ui-avatars.com/api/?name=b8cc1148-950b-496c-862a-7840a73e8e01&size=150&background=random,previsión sensible al contexto enfocado al negocio — Hecho precio largo tan plaza libertad importantes te sé viene creo.,Costa Rica,Atenas,2026-03-03 16:44:54.590533-06:00,2026-03-03 16:44:54.590533-06:00
05ca9e28-bb45-4d0e-a2b2-db233c675dff,Raquel,Escalante,86565115,https://ui-avatars.com/api/?name=05ca9e28-bb45-4d0e-a2b2-db233c675dff&size=150&background=random,firmware dedicada versátil — Control año presenta dijo tuvo luis desde señaló pablo ninguna estado fuera pensar aún resulta debido línea.,Costa Rica,Quepos,2026-01-09 16:44:54.783560-06:00,2026-01-09 16:44:54.783560-06:00
98bf9528-ae76-47e8-b850-ca3cb00b0e36,Cristal,Barraza,60375154,https://ui-avatars.com/api/?name=98bf9528-ae76-47e8-b850-ca3cb00b0e36&size=150&background=random,encriptar secundaria perseverante — Al debe segundo mayoría evitar torno dentro.,Costa Rica,Desamparados,2026-03-26 16:44:54.976721-06:00,2026-03-26 16:44:54.976721-06:00
ddb83635-ff56-4d1b-9437-22acffd0ae8b,Violeta,Caldera,73550092,https://ui-avatars.com/api/?name=ddb83635-ff56-4d1b-9437-22acffd0ae8b&size=150&background=random,website estable universal — Cuanto san plan tipo mercado espacio curso cuya.,Costa Rica,Grecia,2026-01-12 16:44:55.170953-06:00,2026-01-12 16:44:55.170953-06:00
6bfd6ca8-eacb-4be4-8678-66436b5f8afa,Margarita,Monroy,70066867,https://ui-avatars.com/api/?name=6bfd6ca8-eacb-4be4-8678-66436b5f8afa&size=150&background=random,interfaz bidireccional orgánico — Dólares servicio mismo actual autoridades tres hechos actitud.,Costa Rica,Heredia,2026-02-27 16:44:55.364804-06:00,2026-02-27 16:44:55.364804-06:00
6e0f41c8-2a00-4010-8f50-689427905154,Mateo,Escamilla,76717926,https://ui-avatars.com/api/?name=6e0f41c8-2a00-4010-8f50-689427905154&size=150&background=random,concepto innovadora total — Consejo bajo p políticos contra entonces causa real lenguaje esas lejos.,Costa Rica,Barva,2026-05-13 16:44:55.557766-06:00,2026-05-13 16:44:55.557766-06:00
3e85483c-928f-44fe-9948-643fc1f0ad86,Miriam,Pantoja,69977787,https://ui-avatars.com/api/?name=3e85483c-928f-44fe-9948-643fc1f0ad86&size=150&background=random,paradigma multiestado monitoreado — Luis partes aquí tres estaba fecha iba sea siguiente estudio.,Costa Rica,Santa Cruz,2026-02-24 16:44:55.750980-06:00,2026-02-24 16:44:55.750980-06:00
faa45676-2362-4875-a6f8-3b5dd68f2853,Minerva,Ortega,86067732,https://ui-avatars.com/api/?name=faa45676-2362-4875-a6f8-3b5dd68f2853&size=150&background=random,acceso 24/7 diverso — Cuya precio actividad francisco esfuerzo victoria informe dijo crisis actividad propia.,Costa Rica,Desamparados,2026-04-02 16:44:55.943942-06:00,2026-04-02 16:44:55.943942-06:00
663b8db8-a7e1-41a0-84e8-814f68f4f37a,Lucía,Avilés,71671937,https://ui-avatars.com/api/?name=663b8db8-a7e1-41a0-84e8-814f68f4f37a&size=150&background=random,base del conocimiento maximizada integrado — Decisión joven anterior podía jóvenes situación.,Costa Rica,Quepos,2026-02-01 16:44:56.136939-06:00,2026-02-01 16:44:56.136939-06:00
f518c4d3-d550-4dd6-bea7-ae6985ad30a0,Wilfrido,Escalante,86735957,https://ui-avatars.com/api/?name=f518c4d3-d550-4dd6-bea7-ae6985ad30a0&size=150&background=random,soporte radical cara a cara — Segunda era uso medios hacerlo.,Costa Rica,Santa Cruz,2025-11-22 16:44:56.329980-06:00,2025-11-22 16:44:56.329980-06:00
3f516892-96a1-4860-8457-81543df6405b,Eva,Márquez,78353914,https://ui-avatars.com/api/?name=3f516892-96a1-4860-8457-81543df6405b&size=150&background=random,modelo defectos cero operativo — Varios haber parte casos tenemos real humanos siglo club mayor sobre.,Costa Rica,Santo Domingo,2026-04-13 16:44:56.522930-06:00,2026-04-13 16:44:56.522930-06:00
0f9f4eee-de94-4c42-8c87-9906d73d213f,Silvano,Gil,88672282,https://ui-avatars.com/api/?name=0f9f4eee-de94-4c42-8c87-9906d73d213f&size=150&background=random,contingencia terciaria enfocado al negocio — Mismos cuya última don aspecto encuentran encontrar a cambios.,Costa Rica,La Unión,2026-06-06 16:44:56.715919-06:00,2026-06-06 16:44:56.715919-06:00
92664660-83ee-4889-88a8-aa745240bf4f,Ignacio,Montaño,69180412,https://ui-avatars.com/api/?name=92664660-83ee-4889-88a8-aa745240bf4f&size=150&background=random,emulación tiempo real robusto — Centros aún ninguna claro deseo principal afirmó profesional final podría formación.,Costa Rica,Grecia,2026-01-23 16:44:56.909317-06:00,2026-01-23 16:44:56.909317-06:00
fd1a4d85-4cac-4ee7-8ff5-2b6e08af64d2,Jacinto,Zúñiga,83730199,https://ui-avatars.com/api/?name=fd1a4d85-4cac-4ee7-8ff5-2b6e08af64d2&size=150&background=random,algoritmo cliente-servidor multi-capas — Servicio camino persona opinión en hijos historia objetivo madrid color quizá autor días participación efecto cosa.,Costa Rica,San José,2025-11-26 16:44:57.102634-06:00,2025-11-26 16:44:57.102634-06:00
29097ea7-9247-44a5-9ed2-15d5ef4a43bd,Cristobal,Pérez,87705781,https://ui-avatars.com/api/?name=29097ea7-9247-44a5-9ed2-15d5ef4a43bd&size=150&background=random,implementación holística visionario — Septiembre produce misma mujeres mi apenas orden propia.,Costa Rica,Paraíso,2026-06-10 16:44:57.295503-06:00,2026-06-10 16:44:57.295503-06:00
4122ce64-1b0f-4bc0-b0e5-bf6978fc1f81,Alma,Fuentes,77914885,https://ui-avatars.com/api/?name=4122ce64-1b0f-4bc0-b0e5-bf6978fc1f81&size=150&background=random,intranet 3ra generación fundamental — Teatro falta media sigue ministro sé españoles energía cuerpo mayores manuel psoe sea sigue salud políticas alguien.,Costa Rica,Nicoya,2026-03-11 16:44:57.488339-06:00,2026-03-11 16:44:57.488339-06:00
51134ee3-f117-4baa-b2cf-a18f209c4a9d,Timoteo,Merino,76837054,https://ui-avatars.com/api/?name=51134ee3-f117-4baa-b2cf-a18f209c4a9d&size=150&background=random,estructura de precios recíproca enfocado a la calidad — Demás asunto información hemos tipo conocimiento especial p director ocasión bien cultura mira yo derecho miedo gonzález energía.,Costa Rica,Santa Cruz,2026-06-11 16:44:57.681046-06:00,2026-06-11 16:44:57.681046-06:00
53896f94-3e54-4240-99a0-f15db77d970c,Victoria,Gallardo,68186943,https://ui-avatars.com/api/?name=53896f94-3e54-4240-99a0-f15db77d970c&size=150&background=random,marco de tiempo analizada de arquitectura abierta — Acciones has algún familia calle apenas medio figura español.,Costa Rica,Alajuela,2026-03-19 16:44:57.874068-06:00,2026-03-19 16:44:57.874068-06:00
b3be4be2-622a-40ad-80bd-2abee6216685,Celia,Báez,88285146,https://ui-avatars.com/api/?name=b3be4be2-622a-40ad-80bd-2abee6216685&size=150&background=random,enfoque discreta multiplataforma — Pronto carlos expresión fuerte palabra se fiscal saber sería estas.,Costa Rica,Nicoya,2026-03-16 16:44:58.067298-06:00,2026-03-16 16:44:58.067298-06:00
87f970d4-6ab7-47d6-8f5c-b8f964250b6d,Adriana,Caraballo,86211291,https://ui-avatars.com/api/?name=87f970d4-6ab7-47d6-8f5c-b8f964250b6d&size=150&background=random,estructura de precios misión crítica adaptativo — Unidad salir menor seis calle él prueba punto.,Costa Rica,Santa Cruz,2025-08-24 16:44:58.260484-06:00,2025-08-24 16:44:58.260484-06:00
