receiver_email,receiver_user_id,subject,template_name,related_entity,related_id,sent_at,error_message,success,created_at
reynaldojaramillo.buyer@gmail.com,56de9961-d090-4e08-9900-b69f2e2bdc1b,"Bienvenido/a a Altiora Estates, Reynaldo Jaramillo",welcome_buyer,welcome,,2026-06-16 16:44:58.271249-06:00,,True,2026-06-16 16:44:58.271249-06:00
cristalbarraza.buyer@gmail.com,98bf9528-ae76-47e8-b850-ca3cb00b0e36,"Bienvenido/a a Altiora Estates, Cristal Barraza",welcome_buyer,welcome,,2026-04-16 16:44:58.271254-06:00,,True,2026-04-16 16:44:58.271254-06:00
lucíaavilés.buyer@gmail.com,663b8db8-a7e1-41a0-84e8-814f68f4f37a,"Bienvenido/a a Altiora Estates, Lucía Avilés",welcome_buyer,welcome,,2026-04-29 16:44:58.271259-06:00,,True,2026-04-29 16:44:58.271259-06:00
gonzaloreynoso.buyer@gmail.com,47d6ec26-c79e-435c-8eac-865573b2ac78,"Bienvenido/a a Altiora Estates, Gonzalo Reynoso",welcome_buyer,welcome,,2026-05-29 16:44:58.271263-06:00,,True,2026-05-29 16:44:58.271263-06:00
andréscastellanos.buyer@gmail.com,9bce2786-49e3-4000-9464-4479e0f1bc70,"Bienvenido/a a Altiora Estates, Andrés Castellanos",welcome_buyer,welcome,,2026-07-03 16:44:58.271266-06:00,,True,2026-07-03 16:44:58.271266-06:00
florenciamuñoz.buyer@gmail.com,e570d996-fa04-4f3a-956f-74c3884b4e9f,"Bienvenido/a a Altiora Estates, Florencia Muñoz",welcome_buyer,welcome,,2026-05-19 16:44:58.271270-06:00,,True,2026-05-19 16:44:58.271270-06:00
jacintozúñiga.buyer@gmail.com,fd1a4d85-4cac-4ee7-8ff5-2b6e08af64d2,"Bienvenido/a a Altiora Estates, Jacinto Zúñiga",welcome_buyer,welcome,,2026-06-10 16:44:58.271273-06:00,,True,2026-06-10 16:44:58.271273-06:00
humbertogonzales.buyer@gmail.com,0e38dbbf-5e07-4ac5-b3db-816ccc204d09,"Bienvenido/a a Altiora Estates, Humberto Gonzales",welcome_buyer,welcome,,2026-06-09 16:44:58.271275-06:00,,True,2026-06-09 16:44:58.271275-06:00
leonelpabón.buyer@gmail.com,261ff675-435a-426d-a61f-24ff82b97668,"Bienvenido/a a Altiora Estates, Leonel Pabón",welcome_buyer,welcome,,2026-04-17 16:44:58.271277-06:00,,True,2026-04-17 16:44:58.271277-06:00
hernánharo.buyer@gmail.com,61af2084-94e6-483d-b446-3f18547e9ea3,"Bienvenido/a a Altiora Estates, Hernán Haro",welcome_buyer,welcome,,2026-06-10 16:44:58.271279-06:00,,True,2026-06-10 16:44:58.271279-06:00
evamárquez.buyer@gmail.com,3f516892-96a1-4860-8457-81543df6405b,"Bienvenido/a a Altiora Estates, Eva Márquez",welcome_buyer,welcome,,2026-04-29 16:44:58.271281-06:00,,True,2026-04-29 16:44:58.271281-06:00
minervaortega.buyer@gmail.com,faa45676-2362-4875-a6f8-3b5dd68f2853,"Bienvenido/a a Altiora Estates, Minerva Ortega",welcome_buyer,welcome,,2026-07-06 16:44:58.271282-06:00,,True,2026-07-06 16:44:58.271282-06:00
ignaciomontaño.buyer@gmail.com,92664660-83ee-4889-88a8-aa745240bf4f,"Bienvenido/a a Altiora Estates, Ignacio Montaño",welcome_buyer,welcome,,2026-05-07 16:44:58.271284-06:00,,True,2026-05-07 16:44:58.271284-06:00
salmaabrego.buyer@gmail.com,6495bfec-8864-4441-9a5b-ad09aff7b980,"Bienvenido/a a Altiora Estates, Salma Abrego",welcome_buyer,welcome,,2026-04-06 16:44:58.271286-06:00,,True,2026-04-06 16:44:58.271286-06:00
agustínleón.buyer@gmail.com,62ce4d65-9b64-4521-a199-180582265277,"Bienvenido/a a Altiora Estates, Agustín León",welcome_buyer,welcome,,2026-04-09 16:44:58.271288-06:00,,True,2026-04-09 16:44:58.271288-06:00
natividadballesteros.buyer@gmail.com,1ab7fd42-64a1-430f-93da-300a04910494,"Bienvenido/a a Altiora Estates, Natividad Ballesteros",welcome_buyer,welcome,,2026-05-25 16:44:58.271289-06:00,,True,2026-05-25 16:44:58.271289-06:00
wilfridoescalante.buyer@gmail.com,f518c4d3-d550-4dd6-bea7-ae6985ad30a0,"Bienvenido/a a Altiora Estates, Wilfrido Escalante",welcome_buyer,welcome,,2026-05-20 16:44:58.271291-06:00,,True,2026-05-20 16:44:58.271291-06:00
liliaolivera.buyer@gmail.com,2ec5bf84-2777-4d0c-a1d5-145ab4e66288,"Bienvenido/a a Altiora Estates, Lilia Olivera",welcome_buyer,welcome,,2026-06-25 16:44:58.271293-06:00,,True,2026-06-25 16:44:58.271293-06:00
raquelescalante.buyer@gmail.com,05ca9e28-bb45-4d0e-a2b2-db233c675dff,"Bienvenido/a a Altiora Estates, Raquel Escalante",welcome_buyer,welcome,,2026-04-13 16:44:58.271294-06:00,,True,2026-04-13 16:44:58.271294-06:00
miguelcolunga.buyer@gmail.com,5d85bd5e-5062-486a-bfdf-5b9d01c96d7c,"Bienvenido/a a Altiora Estates, Miguel Colunga",welcome_buyer,welcome,,2026-04-06 16:44:58.271296-06:00,,True,2026-04-06 16:44:58.271296-06:00
terrahogar.ventas@gmail.com,5c9ded7e-bd44-43d4-9d4c-4172aa3ea492,Bienvenida Terra Hogar a Altiora Estates,welcome_agency,welcome,,2026-06-18 16:44:58.271300-06:00,,True,2026-06-18 16:44:58.271300-06:00
concretusdesarrollos.ventas@gmail.com,6886adbc-deaf-4cdf-8204-6f552c628891,Bienvenida Concretus Desarrollos a Altiora Estates,welcome_agency,welcome,,2026-01-18 16:44:58.271303-06:00,,True,2026-01-18 16:44:58.271303-06:00
soleilpropiedades.ventas@gmail.com,42df8c3e-05fb-49ee-9c6d-dd3884dd8915,Bienvenida Soleil Propiedades a Altiora Estates,welcome_agency,welcome,,2026-01-17 16:44:58.271305-06:00,,True,2026-01-17 16:44:58.271305-06:00
grupoaltamira.ventas@gmail.com,f45525cf-17b3-4d3c-87a5-d103d781cf92,Bienvenida Grupo Altamira a Altiora Estates,welcome_agency,welcome,,,SMTP connection timeout,False,2025-05-17 16:44:58.271307-06:00
crhomes.ventas@gmail.com,96efd4d2-e8c2-40a3-89fa-7e6eda53c9e2,Bienvenida CR Homes a Altiora Estates,welcome_agency,welcome,,2025-07-21 16:44:58.271309-06:00,,True,2025-07-21 16:44:58.271309-06:00
pacíficorealty.ventas@gmail.com,c522fc00-ebb4-439d-ab2b-c14b958d145b,Bienvenida Pacífico Realty a Altiora Estates,welcome_agency,welcome,,2025-12-17 16:44:58.271311-06:00,,True,2025-12-17 16:44:58.271311-06:00
valleverdepropiedades.ventas@gmail.com,4805f37f-95d5-45fb-b201-99e2a734bd9e,Bienvenida Valle Verde Propiedades a Altiora Estates,welcome_agency,welcome,,2026-06-08 16:44:58.271313-06:00,,True,2026-06-08 16:44:58.271313-06:00
costaliving.ventas@gmail.com,4b03c34a-2ec7-42e8-a496-8763f64b8bda,Bienvenida CostaLiving a Altiora Estates,welcome_agency,welcome,,2025-06-02 16:44:58.271315-06:00,,True,2025-06-02 16:44:58.271315-06:00
concretusdesarrollos.ventas@gmail.com,6886adbc-deaf-4cdf-8204-6f552c628891,La publicacón de venta - Apartamento moderno con balcón en Sabana Norte - ha sido aprobada,agency_post_approve,property,1b48ab82-2421-4e74-84bc-14a32c7cb862,2025-10-23 16:44:58.261563-06:00,,True,2025-10-23 16:44:58.261563-06:00
terrahogar.ventas@gmail.com,5c9ded7e-bd44-43d4-9d4c-4172aa3ea492,"La publicacón de venta - Apartamento ejecutivo en Sámara, piso 17 - ha sido aprobada",agency_post_approve,property,0c9bb8f3-5e02-48b3-bbeb-51c4dda08da0,2026-03-06 16:44:58.261670-06:00,,True,2026-03-06 16:44:58.261670-06:00
soleilpropiedades.ventas@gmail.com,42df8c3e-05fb-49ee-9c6d-dd3884dd8915,"La publicacón de venta - Residencia de lujo en San José, San José - ha sido aprobada",agency_post_approve,property,0e364f98-6298-4d06-852f-9d5bac524a44,2026-06-25 16:44:58.261747-06:00,,True,2026-06-25 16:44:58.261747-06:00
concretusdesarrollos.ventas@gmail.com,6886adbc-deaf-4cdf-8204-6f552c628891,La publicacón de venta - Apto de 4 habitaciones en San José - ha sido aprobada,agency_post_approve,property,e3a4a6ed-b51c-4311-ac58-d0240e6b94e5,2025-06-25 16:44:58.261822-06:00,,True,2025-06-25 16:44:58.261822-06:00
grupoaltamira.ventas@gmail.com,f45525cf-17b3-4d3c-87a5-d103d781cf92,"La publicacón de venta - Unidad en Condominio Privado, Limón - ha sido aprobada",agency_post_approve,property,3b3b990a-a004-477c-8e84-3c47ef47c7a9,2026-06-22 16:44:58.261900-06:00,,True,2026-06-22 16:44:58.261900-06:00
pacíficorealty.ventas@gmail.com,c522fc00-ebb4-439d-ab2b-c14b958d145b,La publicacón de venta - Condo de 2 habitaciones en Tres Ríos - ha sido aprobada,agency_post_approve,property,102a8a89-ef5d-4657-bff6-84c3dbe59e54,2026-02-13 16:44:58.261964-06:00,,True,2026-02-13 16:44:58.261964-06:00
soleilpropiedades.ventas@gmail.com,42df8c3e-05fb-49ee-9c6d-dd3884dd8915,"La publicacón de venta - Lote plano en urbanización, Liberia Centro - ha sido aprobada",agency_post_approve,property,bd186db5-777c-423f-a175-88ef04b6040f,2025-10-19 16:44:58.262029-06:00,,True,2025-10-19 16:44:58.262029-06:00
costaliving.ventas@gmail.com,4b03c34a-2ec7-42e8-a496-8763f64b8bda,"La publicacón de venta - Hermosa casa en condominio privado, Alajuela Centro - ha sido aprobada",agency_post_approve,property,96fdc65f-3100-4160-beb0-42eda765e494,2025-07-23 16:44:58.262093-06:00,,True,2025-07-23 16:44:58.262093-06:00
crhomes.ventas@gmail.com,96efd4d2-e8c2-40a3-89fa-7e6eda53c9e2,La publicacón de venta - Penthouse en Alajuela con vista panorámica - ha sido aprobada,agency_post_approve,property,8a4c9e8d-b8f2-4726-b737-9d3d087fa374,2025-12-29 16:44:58.262160-06:00,,True,2025-12-29 16:44:58.262160-06:00
crhomes.ventas@gmail.com,96efd4d2-e8c2-40a3-89fa-7e6eda53c9e2,"La publicacón de venta - Apartamento ejecutivo en Puerto Limón, piso 23 - ha sido aprobada",agency_post_approve,property,39c82d46-d7da-4ee3-bcf3-25948eefd1fd,2026-02-06 16:44:58.262229-06:00,,True,2026-02-06 16:44:58.262229-06:00
valleverdepropiedades.ventas@gmail.com,4805f37f-95d5-45fb-b201-99e2a734bd9e,La publicacón de venta - Casa familiar con piscina en Flamingo - ha sido aprobada,agency_post_approve,property,11d438e2-3e45-4dd2-b582-076d4a7a383f,2025-09-11 16:44:58.262298-06:00,,True,2025-09-11 16:44:58.262298-06:00
terrahogar.ventas@gmail.com,5c9ded7e-bd44-43d4-9d4c-4172aa3ea492,"La publicacón de venta - Condominio con amenidades completas, Cartago Centro - ha sido aprobada",agency_post_approve,property,37971e86-e355-4da1-9f0c-a532f099a9b3,2026-05-15 16:44:58.262362-06:00,,True,2026-05-15 16:44:58.262362-06:00
costaliving.ventas@gmail.com,4b03c34a-2ec7-42e8-a496-8763f64b8bda,La publicacón de venta - Apto de 2 habitaciones en Alajuela - ha sido aprobada,agency_post_approve,property,32c2f966-aff3-4db8-a106-b0285999969c,2025-12-29 16:44:58.262423-06:00,,True,2025-12-29 16:44:58.262423-06:00
crhomes.ventas@gmail.com,96efd4d2-e8c2-40a3-89fa-7e6eda53c9e2,La publicacón de venta - Penthouse en Nicoya con vista panorámica - ha sido aprobada,agency_post_approve,property,d63f5ba7-58aa-44bf-8b36-32fa698003a5,2025-04-28 16:44:58.262497-06:00,,True,2025-04-28 16:44:58.262497-06:00
concretusdesarrollos.ventas@gmail.com,6886adbc-deaf-4cdf-8204-6f552c628891,"La publicacón de venta - Apartamento ejecutivo en Liberia Centro, piso 26 - ha sido aprobada",agency_post_approve,property,52ec809a-95dd-4513-ae87-58a246a38578,2026-06-06 16:44:58.262544-06:00,,True,2026-06-06 16:44:58.262544-06:00
costaliving.ventas@gmail.com,4b03c34a-2ec7-42e8-a496-8763f64b8bda,"La publicacón de venta - Local comercial en Escazú, alto tráfico - ha sido aprobada",agency_post_approve,property,2f2c02ed-374f-4bee-8493-d5dfd08770fa,2025-07-24 16:44:58.262611-06:00,,True,2025-07-24 16:44:58.262611-06:00
soleilpropiedades.ventas@gmail.com,42df8c3e-05fb-49ee-9c6d-dd3884dd8915,"La publicacón de venta - Unidad en Condominio Privado, Heredia - ha sido aprobada",agency_post_approve,property,ca85f6bc-1620-4d62-a97f-a16ed03c6c75,2026-01-28 16:44:58.262675-06:00,,True,2026-01-28 16:44:58.262675-06:00
costaliving.ventas@gmail.com,4b03c34a-2ec7-42e8-a496-8763f64b8bda,La publicacón de venta - Apto de 5 habitaciones en San José - ha sido aprobada,agency_post_approve,property,0f2b5afe-0442-412c-a2c3-bdd2fb3b4c11,2026-04-09 16:44:58.262726-06:00,,True,2026-04-09 16:44:58.262726-06:00
crhomes.ventas@gmail.com,96efd4d2-e8c2-40a3-89fa-7e6eda53c9e2,"La publicacón de venta - Residencia de lujo en Puntarenas, Puntarenas - ha sido aprobada",agency_post_approve,property,f7f99716-0098-47d4-a8cf-4b8e4894998e,2026-03-06 16:44:58.262773-06:00,,True,2026-03-06 16:44:58.262773-06:00
concretusdesarrollos.ventas@gmail.com,6886adbc-deaf-4cdf-8204-6f552c628891,"La publicacón de venta - Apartamento en edificio con amenidades, Puerto Jiménez - ha sido aprobada",agency_post_approve,property,c3ffbd00-1a13-4781-a251-d971d9b7c8a2,2025-09-20 16:44:58.262826-06:00,,True,2025-09-20 16:44:58.262826-06:00
grupoaltamira.ventas@gmail.com,f45525cf-17b3-4d3c-87a5-d103d781cf92,La publicacón de venta - Casa moderna en Nosara con vista a la montaña - ha sido aprobada,agency_post_approve,property,5f269cab-ca05-4f83-a92b-e5c31cd5c296,2025-09-03 16:44:58.262884-06:00,,True,2025-09-03 16:44:58.262884-06:00
costaliving.ventas@gmail.com,4b03c34a-2ec7-42e8-a496-8763f64b8bda,La publicacón de venta - Apartamento moderno con balcón en Barva Centro - ha sido aprobada,agency_post_approve,property,6be7a404-a089-49bc-9ee7-f92c3b5fa4c1,2025-10-27 16:44:58.262945-06:00,,True,2025-10-27 16:44:58.262945-06:00
soleilpropiedades.ventas@gmail.com,42df8c3e-05fb-49ee-9c6d-dd3884dd8915,La publicacón de venta - Apartamento moderno con balcón en Ciudad Quesada - ha sido aprobada,agency_post_approve,property,7c257265-6fa9-4625-9c67-d863dcb49b01,2026-02-19 16:44:58.262996-06:00,,True,2026-02-19 16:44:58.262996-06:00
costaliving.ventas@gmail.com,4b03c34a-2ec7-42e8-a496-8763f64b8bda,"La publicacón de venta - Apartamento en edificio con amenidades, Desamparados Centro - ha sido aprobada",agency_post_approve,property,1ef4fa68-1e0a-426b-9687-6d910625c891,2025-05-27 16:44:58.263051-06:00,,True,2025-05-27 16:44:58.263051-06:00
valleverdepropiedades.ventas@gmail.com,4805f37f-95d5-45fb-b201-99e2a734bd9e,La publicacón de venta - Penthouse en Carrillo con vista panorámica - ha sido aprobada,agency_post_approve,property,4573618a-e452-4431-800b-4d702f97b04a,2025-11-27 16:44:58.263120-06:00,,True,2025-11-27 16:44:58.263120-06:00
concretusdesarrollos.ventas@gmail.com,6886adbc-deaf-4cdf-8204-6f552c628891,"La publicacón de venta - Casa de 2 habitaciones en Talamanca, Limón - ha sido aprobada",agency_post_approve,property,99eb6929-b15c-47be-9501-5684cdcbe175,2026-04-07 16:44:58.263181-06:00,,True,2026-04-07 16:44:58.263181-06:00
pacíficorealty.ventas@gmail.com,c522fc00-ebb4-439d-ab2b-c14b958d145b,La publicacón de venta - Condominio Bosques del Río — Unidad A-122 - ha sido aprobada,agency_post_approve,property,98e63a0e-5d2c-474c-abed-c583a512415a,2025-12-29 16:44:58.263244-06:00,,True,2025-12-29 16:44:58.263244-06:00
terrahogar.ventas@gmail.com,5c9ded7e-bd44-43d4-9d4c-4172aa3ea492,La publicacón de venta - Condominio Torres del Sol — Unidad C-121 - ha sido aprobada,agency_post_approve,property,5598d9c4-a7f2-4c0d-977f-26d76b600eba,2026-04-03 16:44:58.263314-06:00,,True,2026-04-03 16:44:58.263314-06:00
terrahogar.ventas@gmail.com,5c9ded7e-bd44-43d4-9d4c-4172aa3ea492,"La publicacón de venta - Condominio con amenidades completas, Ulloa - ha sido aprobada",agency_post_approve,property,ef1eaafa-f3bd-4314-8756-1f50f601a769,2025-12-15 16:44:58.263364-06:00,,True,2025-12-15 16:44:58.263364-06:00
terrahogar.ventas@gmail.com,5c9ded7e-bd44-43d4-9d4c-4172aa3ea492,La publicacón de venta - Condo de 4 habitaciones en Puntarenas Centro - ha sido aprobada,agency_post_approve,property,a141768f-783f-4ec8-8790-4ac7e53f625b,2025-07-10 16:44:58.263424-06:00,,True,2025-07-10 16:44:58.263424-06:00
grupoaltamira.ventas@gmail.com,f45525cf-17b3-4d3c-87a5-d103d781cf92,"La publicacón de venta - Terreno comercial en zona de alto crecimiento, Talamanca - ha sido aprobada",agency_post_approve,property,d505ac1f-ab19-4d2b-9e9a-b6aa972e1cfd,2025-08-11 16:44:58.263481-06:00,,True,2025-08-11 16:44:58.263481-06:00
pacíficorealty.ventas@gmail.com,c522fc00-ebb4-439d-ab2b-c14b958d145b,La publicacón de venta - Casa de campo con jardín en La Unión - ha sido aprobada,agency_post_approve,property,58bc52ce-df89-49a1-895d-27e868eae4ba,2025-11-28 16:44:58.263534-06:00,,True,2025-11-28 16:44:58.263534-06:00
crhomes.ventas@gmail.com,96efd4d2-e8c2-40a3-89fa-7e6eda53c9e2,La publicacón de venta - Condominio Torres del Sol — Unidad C-214 - ha sido aprobada,agency_post_approve,property,a24bdc5b-dd81-4273-9b88-9cc96bff8961,2025-10-31 16:44:58.263610-06:00,,True,2025-10-31 16:44:58.263610-06:00
concretusdesarrollos.ventas@gmail.com,6886adbc-deaf-4cdf-8204-6f552c628891,La publicacón de venta - Condominio Vista Verde — Unidad B-350 - ha sido aprobada,agency_post_approve,property,c5c154f9-c130-4297-bde8-a54695d5d323,2025-06-08 16:44:58.263670-06:00,,True,2025-06-08 16:44:58.263670-06:00
soleilpropiedades.ventas@gmail.com,42df8c3e-05fb-49ee-9c6d-dd3884dd8915,La publicacón de venta - Casa familiar con piscina en Tres Ríos - ha sido aprobada,agency_post_approve,property,286f56a5-55c4-4c73-b797-3ab1ef2c0705,2025-12-07 16:44:58.263716-06:00,,True,2025-12-07 16:44:58.263716-06:00
concretusdesarrollos.ventas@gmail.com,6886adbc-deaf-4cdf-8204-6f552c628891,"La publicacón de venta - Terreno comercial en zona de alto crecimiento, San José - ha sido aprobada",agency_post_approve,property,9b55e2b5-b217-4df6-ae8d-b1a0fbaff706,2025-07-21 16:44:58.263774-06:00,,True,2025-07-21 16:44:58.263774-06:00
concretusdesarrollos.ventas@gmail.com,6886adbc-deaf-4cdf-8204-6f552c628891,"La publicacón de venta - Apartamento ejecutivo en Manuel Antonio, piso 11 - ha sido aprobada",agency_post_approve,property,52535007-5a1a-4748-b466-2d89e5ef53ca,2026-05-22 16:44:58.263828-06:00,,True,2026-05-22 16:44:58.263828-06:00
soleilpropiedades.ventas@gmail.com,42df8c3e-05fb-49ee-9c6d-dd3884dd8915,La publicacón de venta - Casa familiar con piscina en Puerto Jiménez - ha sido aprobada,agency_post_approve,property,a054370c-5142-49c3-8c60-6339cf96bf86,2026-05-25 16:44:58.263875-06:00,,True,2026-05-25 16:44:58.263875-06:00
grupoaltamira.ventas@gmail.com,f45525cf-17b3-4d3c-87a5-d103d781cf92,"La publicacón de venta - Hermosa casa en condominio privado, Paraíso Centro - ha sido aprobada",agency_post_approve,property,4f0a7da9-af03-4b02-ba95-05df6e0e11be,2026-04-04 16:44:58.263941-06:00,,True,2026-04-04 16:44:58.263941-06:00
valleverdepropiedades.ventas@gmail.com,4805f37f-95d5-45fb-b201-99e2a734bd9e,La publicacón de venta - Casa moderna en Santo Domingo Centro con vista a la montaña - ha sido aprobada,agency_post_approve,property,eb52410a-4a52-4db9-b735-35b3d9bbfb15,2026-04-11 16:44:58.263988-06:00,,True,2026-04-11 16:44:58.263988-06:00
concretusdesarrollos.ventas@gmail.com,6886adbc-deaf-4cdf-8204-6f552c628891,La publicacón de venta - Casa moderna en Sabana Norte con vista a la montaña - ha sido aprobada,agency_post_approve,property,e8a79c8d-be12-4b92-88a9-bfebd15ee9d0,2026-02-10 16:44:58.264043-06:00,,True,2026-02-10 16:44:58.264043-06:00
soleilpropiedades.ventas@gmail.com,42df8c3e-05fb-49ee-9c6d-dd3884dd8915,"La publicacón de venta - Unidad en Condominio Privado, Osa - ha sido aprobada",agency_post_approve,property,2b4df4e0-fa90-45a3-b89c-a5e93ec2ffb7,2025-08-02 16:44:58.264109-06:00,,True,2025-08-02 16:44:58.264109-06:00
concretusdesarrollos.ventas@gmail.com,6886adbc-deaf-4cdf-8204-6f552c628891,La publicacón de venta - Casa moderna en Paraíso Centro con vista a la montaña - ha sido aprobada,agency_post_approve,property,b57648a4-fbd3-4325-8abc-c0208c2922c3,2026-04-23 16:44:58.264168-06:00,,True,2026-04-23 16:44:58.264168-06:00
crhomes.ventas@gmail.com,96efd4d2-e8c2-40a3-89fa-7e6eda53c9e2,La publicacón de venta - Apto de 2 habitaciones en Osa - ha sido aprobada,agency_post_approve,property,215b9fa4-fbdf-4d4f-838c-cfab95f9343e,2026-02-01 16:44:58.264213-06:00,,True,2026-02-01 16:44:58.264213-06:00
soleilpropiedades.ventas@gmail.com,42df8c3e-05fb-49ee-9c6d-dd3884dd8915,La publicacón de venta - Condominio Torres del Sol — Unidad C-269 - ha sido aprobada,agency_post_approve,property,d2745978-c5d2-4356-aa36-300d546d519a,2025-11-29 16:44:58.264281-06:00,,True,2025-11-29 16:44:58.264281-06:00
soleilpropiedades.ventas@gmail.com,42df8c3e-05fb-49ee-9c6d-dd3884dd8915,"La publicacón de venta - Local comercial en San Isidro de El General, alto tráfico - ha sido aprobada",agency_post_approve,property,f447f61e-ea28-4fb9-92d7-0cc072688e43,2025-10-09 16:44:58.264338-06:00,,True,2025-10-09 16:44:58.264338-06:00
grupoaltamira.ventas@gmail.com,f45525cf-17b3-4d3c-87a5-d103d781cf92,"La publicacón de venta - Residencia de lujo en Limón, Limón - ha sido aprobada",agency_post_approve,property,a4a8638a-1d7e-473b-ac05-7ff8d0495efe,2026-05-31 16:44:58.264394-06:00,,True,2026-05-31 16:44:58.264394-06:00
terrahogar.ventas@gmail.com,5c9ded7e-bd44-43d4-9d4c-4172aa3ea492,"La publicacón de venta - Plaza comercial en Talamanca, Limón - ha sido aprobada",agency_post_approve,property,2e5236a7-60bf-48f1-9bce-ba29d286f2e4,2026-01-05 16:44:58.264457-06:00,,True,2026-01-05 16:44:58.264457-06:00
terrahogar.ventas@gmail.com,5c9ded7e-bd44-43d4-9d4c-4172aa3ea492,La publicacón de venta - Condo de 4 habitaciones en Atenas Centro - ha sido aprobada,agency_post_approve,property,1c074154-3ecd-4a13-906f-7e50476dfda1,2026-05-27 16:44:58.264517-06:00,,True,2026-05-27 16:44:58.264517-06:00
valleverdepropiedades.ventas@gmail.com,4805f37f-95d5-45fb-b201-99e2a734bd9e,"La publicacón de venta - Residencia de lujo en Heredia, Heredia - ha sido aprobada",agency_post_approve,property,9e62c61c-d746-4922-b430-acc1404570f9,2026-02-15 16:44:58.264581-06:00,,True,2026-02-15 16:44:58.264581-06:00
soleilpropiedades.ventas@gmail.com,42df8c3e-05fb-49ee-9c6d-dd3884dd8915,La publicacón de venta - Casa moderna en Puerto Viejo de Talamanca con vista a la montaña - ha sido aprobada,agency_post_approve,property,912669d1-9d6b-4858-920a-291fc0c95a79,2026-03-12 16:44:58.264635-06:00,,True,2026-03-12 16:44:58.264635-06:00
grupoaltamira.ventas@gmail.com,f45525cf-17b3-4d3c-87a5-d103d781cf92,"La publicacón de venta - Apartamento ejecutivo en Santo Domingo Centro, piso 26 - ha sido aprobada",agency_post_approve,property,f2887f53-793b-47da-ae05-b2218bbbd0c0,2025-08-06 16:44:58.264702-06:00,,True,2025-08-06 16:44:58.264702-06:00
terrahogar.ventas@gmail.com,5c9ded7e-bd44-43d4-9d4c-4172aa3ea492,La publicacón de venta - Oficina ejecutiva en Puerto Viejo de Talamanca - ha sido aprobada,agency_post_approve,property,c2cb3a27-cc3b-41ed-9b29-b9df8a63bd98,2025-07-24 16:44:58.264771-06:00,,True,2025-07-24 16:44:58.264771-06:00
grupoaltamira.ventas@gmail.com,f45525cf-17b3-4d3c-87a5-d103d781cf92,La publicacón de venta - Apartamento moderno con balcón en Santo Domingo Centro - ha sido aprobada,agency_post_approve,property,f4b2a723-d976-478c-932f-25906f0e70bc,2026-05-05 16:44:58.264819-06:00,,True,2026-05-05 16:44:58.264819-06:00
grupoaltamira.ventas@gmail.com,f45525cf-17b3-4d3c-87a5-d103d781cf92,"La publicacón de venta - Casa de 3 habitaciones en Santo Domingo, Heredia - ha sido aprobada",agency_post_approve,property,7fe28e2b-1091-440c-9dd5-921eb4bdaf10,2026-07-09 16:44:58.264874-06:00,,True,2026-07-09 16:44:58.264874-06:00
grupoaltamira.ventas@gmail.com,f45525cf-17b3-4d3c-87a5-d103d781cf92,"La publicacón de venta - Residencia de lujo en San José, San José - ha sido aprobada",agency_post_approve,property,b4d0bd04-1a84-4d86-84b7-c827e93fb3fc,2026-06-04 16:44:58.264927-06:00,,True,2026-06-04 16:44:58.264927-06:00
crhomes.ventas@gmail.com,96efd4d2-e8c2-40a3-89fa-7e6eda53c9e2,"La publicacón de venta - Lote plano en urbanización, Tres Ríos - ha sido aprobada",agency_post_approve,property,145696d2-195b-4fda-bc3e-f1109261bda3,2025-12-26 16:44:58.264990-06:00,,True,2025-12-26 16:44:58.264990-06:00
valleverdepropiedades.ventas@gmail.com,4805f37f-95d5-45fb-b201-99e2a734bd9e,La publicacón de venta - Penthouse en San José con vista panorámica - ha sido aprobada,agency_post_approve,property,0446503d-f891-4ed5-a1ae-e4d01c250f7b,2025-12-25 16:44:58.265035-06:00,,True,2025-12-25 16:44:58.265035-06:00
costaliving.ventas@gmail.com,4b03c34a-2ec7-42e8-a496-8763f64b8bda,La publicacón de venta - Casa de campo con jardín en Santa Cruz - ha sido aprobada,agency_post_approve,property,2be93dab-642f-4bb4-9c9d-bbc5f2ffc146,2026-06-11 16:44:58.265108-06:00,,True,2026-06-11 16:44:58.265108-06:00
crhomes.ventas@gmail.com,96efd4d2-e8c2-40a3-89fa-7e6eda53c9e2,La publicacón de venta - Condominio Torres del Sol — Unidad C-107 - ha sido aprobada,agency_post_approve,property,6ed1d15e-a0e5-4bd6-91f8-0f6a58cffe06,2025-12-22 16:44:58.265157-06:00,,True,2025-12-22 16:44:58.265157-06:00
soleilpropiedades.ventas@gmail.com,42df8c3e-05fb-49ee-9c6d-dd3884dd8915,La publicacón de venta - Lote residencial de 3507.13m² en Flamingo - ha sido aprobada,agency_post_approve,property,91b2081e-f471-4e4e-844d-b5357bf59ad0,2026-06-10 16:44:58.265225-06:00,,True,2026-06-10 16:44:58.265225-06:00
soleilpropiedades.ventas@gmail.com,42df8c3e-05fb-49ee-9c6d-dd3884dd8915,La publicacón de venta - Apto de 4 habitaciones en Pérez Zeledón - ha sido aprobada,agency_post_approve,property,18d92760-8854-4dec-80c2-0896c785684d,2025-12-15 16:44:58.265296-06:00,,True,2025-12-15 16:44:58.265296-06:00
valleverdepropiedades.ventas@gmail.com,4805f37f-95d5-45fb-b201-99e2a734bd9e,La publicacón de venta - Casa familiar con piscina en Flamingo - ha sido aprobada,agency_post_approve,property,38648bb6-36c3-44bf-ac8b-d537d238cfcd,2026-01-29 16:44:58.265360-06:00,,True,2026-01-29 16:44:58.265360-06:00
valleverdepropiedades.ventas@gmail.com,4805f37f-95d5-45fb-b201-99e2a734bd9e,"La publicacón de venta - Residencia de lujo en San Carlos, Alajuela - ha sido aprobada",agency_post_approve,property,e31ef646-71d2-4803-a640-db65935e0cc4,2026-06-01 16:44:58.265436-06:00,,True,2026-06-01 16:44:58.265436-06:00
pacíficorealty.ventas@gmail.com,c522fc00-ebb4-439d-ab2b-c14b958d145b,"La publicacón de venta - Finca de 322.4m² en San José, San José - ha sido aprobada",agency_post_approve,property,7796e3bc-eed3-4598-be79-38aeabd317c4,2025-12-30 16:44:58.265503-06:00,,True,2025-12-30 16:44:58.265503-06:00
costaliving.ventas@gmail.com,4b03c34a-2ec7-42e8-a496-8763f64b8bda,La publicacón de venta - Penthouse en Desamparados con vista panorámica - ha sido aprobada,agency_post_approve,property,e8fd2a5d-f07f-48fd-99d3-501e6d65b04c,2025-07-22 16:44:58.265557-06:00,,True,2025-07-22 16:44:58.265557-06:00
crhomes.ventas@gmail.com,96efd4d2-e8c2-40a3-89fa-7e6eda53c9e2,"La publicacón de venta - Casa de 5 habitaciones en Limón, Limón - ha sido aprobada",agency_post_approve,property,509b9567-6f06-48b7-9f6b-344c50342e39,2026-02-28 16:44:58.265633-06:00,,True,2026-02-28 16:44:58.265633-06:00
terrahogar.ventas@gmail.com,5c9ded7e-bd44-43d4-9d4c-4172aa3ea492,La publicacón de venta - Casa moderna en Paraíso Centro con vista a la montaña - ha sido aprobada,agency_post_approve,property,95d3e3fd-5eab-4b9f-9d46-14761f64e529,2026-06-09 16:44:58.265689-06:00,,True,2026-06-09 16:44:58.265689-06:00
concretusdesarrollos.ventas@gmail.com,6886adbc-deaf-4cdf-8204-6f552c628891,La publicacón de venta - Apto de 4 habitaciones en Santa Cruz - ha sido aprobada,agency_post_approve,property,d5e21237-7154-4b7c-bf34-061f307742bf,2025-11-18 16:44:58.265737-06:00,,True,2025-11-18 16:44:58.265737-06:00
grupoaltamira.ventas@gmail.com,f45525cf-17b3-4d3c-87a5-d103d781cf92,"La publicacón de venta - Apartamento en edificio con amenidades, Escazú - ha sido aprobada",agency_post_approve,property,4df05ebf-e714-439f-88c3-2182d81d1799,2026-06-25 16:44:58.265795-06:00,,True,2026-06-25 16:44:58.265795-06:00
valleverdepropiedades.ventas@gmail.com,4805f37f-95d5-45fb-b201-99e2a734bd9e,La publicacón de venta - Condominio Cumbre Dorada — Unidad D-234 - ha sido aprobada,agency_post_approve,property,b06a9cb6-3587-419e-9a90-1a64ab4d8a71,2026-07-11 16:44:58.265854-06:00,,True,2026-07-11 16:44:58.265854-06:00
costaliving.ventas@gmail.com,4b03c34a-2ec7-42e8-a496-8763f64b8bda,La publicacón de venta - Casa moderna en Puerto Viejo de Talamanca con vista a la montaña - ha sido aprobada,agency_post_approve,property,5d01960e-401e-46de-9bfc-12831efdfd0d,2025-10-26 16:44:58.265902-06:00,,True,2025-10-26 16:44:58.265902-06:00
soleilpropiedades.ventas@gmail.com,42df8c3e-05fb-49ee-9c6d-dd3884dd8915,La publicacón de venta - Apartamento moderno con balcón en Sabana Norte - ha sido aprobada,agency_post_approve,property,aee0715e-75d8-4dbb-9f71-de2af221be30,2026-05-24 16:44:58.265966-06:00,,True,2026-05-24 16:44:58.265966-06:00
grupoaltamira.ventas@gmail.com,f45525cf-17b3-4d3c-87a5-d103d781cf92,La publicacón de venta - Terreno con vista al mar en Osa - ha sido aprobada,agency_post_approve,property,3c0edd93-fda3-41fd-b71a-86a93652b493,2026-04-21 16:44:58.266024-06:00,,True,2026-04-21 16:44:58.266024-06:00
terrahogar.ventas@gmail.com,5c9ded7e-bd44-43d4-9d4c-4172aa3ea492,La publicacón de venta - Terreno con vista al mar en Limón - ha sido aprobada,agency_post_approve,property,6d14f95f-9e44-4a20-ae65-bd8ec96bf7c2,2026-01-15 16:44:58.266076-06:00,,True,2026-01-15 16:44:58.266076-06:00
pacíficorealty.ventas@gmail.com,c522fc00-ebb4-439d-ab2b-c14b958d145b,La publicacón de venta - Condominio Vista Verde — Unidad B-376 - ha sido aprobada,agency_post_approve,property,d73038eb-5f7a-463d-9261-20e11204c945,2025-08-12 16:44:58.266140-06:00,,True,2025-08-12 16:44:58.266140-06:00
concretusdesarrollos.ventas@gmail.com,6886adbc-deaf-4cdf-8204-6f552c628891,La publicacón de venta - Lote residencial de 4341.25m² en Puerto Viejo de Talamanca - ha sido aprobada,agency_post_approve,property,99624e87-e7fa-495c-8937-1b27e8958799,2025-12-30 16:44:58.266206-06:00,,True,2025-12-30 16:44:58.266206-06:00
terrahogar.ventas@gmail.com,5c9ded7e-bd44-43d4-9d4c-4172aa3ea492,"La publicacón de venta - Hermosa casa en condominio privado, Desamparados Centro - ha sido aprobada",agency_post_approve,property,d47a93aa-1805-4d22-a579-d8db4566cd37,2026-02-28 16:44:58.266260-06:00,,True,2026-02-28 16:44:58.266260-06:00
valleverdepropiedades.ventas@gmail.com,4805f37f-95d5-45fb-b201-99e2a734bd9e,La publicacón de venta - Condominio Mar Azul — Unidad B-260 - ha sido aprobada,agency_post_approve,property,cbdfa6d1-199f-48d6-a380-cf3c4556b255,2026-06-21 16:44:58.266327-06:00,,True,2026-06-21 16:44:58.266327-06:00
soleilpropiedades.ventas@gmail.com,42df8c3e-05fb-49ee-9c6d-dd3884dd8915,"La publicacón de venta - Condominio con amenidades completas, Sabana Norte - ha sido aprobada",agency_post_approve,property,f96365cc-6c34-4b6c-840e-6e58a286a3f4,2026-04-19 16:44:58.266389-06:00,,True,2026-04-19 16:44:58.266389-06:00
grupoaltamira.ventas@gmail.com,f45525cf-17b3-4d3c-87a5-d103d781cf92,"Has recibido una nueva reseña de Estela de la Rosa: «Muy buena agencia, recomendada»",agency_new_review,agency_review,92c50c96-800b-47f7-af2f-096c5d0d105e,2025-11-07 16:44:58.268990-06:00,,True,2025-11-07 16:44:58.268990-06:00
soleilpropiedades.ventas@gmail.com,42df8c3e-05fb-49ee-9c6d-dd3884dd8915,Has recibido una nueva reseña de Gonzalo Reynoso: «Excelente atención y proceso transparente»,agency_new_review,agency_review,73476ad2-e983-45e6-b849-7db82d857ed8,2025-11-02 16:44:58.269004-06:00,,True,2025-11-02 16:44:58.269004-06:00
grupoaltamira.ventas@gmail.com,f45525cf-17b3-4d3c-87a5-d103d781cf92,Has recibido una nueva reseña de Dalia Esquivel: «Proceso ágil y profesional»,agency_new_review,agency_review,038925e7-0065-42aa-b174-e63d6e27a9de,2026-05-27 16:44:58.269012-06:00,,True,2026-05-27 16:44:58.269012-06:00
valleverdepropiedades.ventas@gmail.com,4805f37f-95d5-45fb-b201-99e2a734bd9e,Has recibido una nueva reseña de Jacinto Zúñiga: «Satisfecho con el proceso de compra»,agency_new_review,agency_review,3c64b41c-6891-46ac-ae62-64410ff05b42,2026-02-05 16:44:58.269017-06:00,,True,2026-02-05 16:44:58.269017-06:00
soleilpropiedades.ventas@gmail.com,42df8c3e-05fb-49ee-9c6d-dd3884dd8915,Has recibido una nueva reseña de Eric Roldán: «Buen servicio al cliente»,agency_new_review,agency_review,37781f07-f52e-4ef6-823a-b50ecdc04314,2026-02-06 16:44:58.269022-06:00,,True,2026-02-06 16:44:58.269022-06:00
crhomes.ventas@gmail.com,96efd4d2-e8c2-40a3-89fa-7e6eda53c9e2,Has recibido una nueva reseña de Timoteo Merino: «Agencia confiable y bien establecida»,agency_new_review,agency_review,a6ccd414-60ba-48d0-bcdd-a91c06020cfe,2026-03-27 16:44:58.269028-06:00,,True,2026-03-27 16:44:58.269028-06:00
terrahogar.ventas@gmail.com,5c9ded7e-bd44-43d4-9d4c-4172aa3ea492,"Has recibido una nueva reseña de Joaquín Orellana: «Muy buena agencia, recomendada»",agency_new_review,agency_review,27e3cc0a-d881-4f0f-8e12-85ac73b90a3a,2026-05-04 16:44:58.269035-06:00,,True,2026-05-04 16:44:58.269035-06:00
terrahogar.ventas@gmail.com,5c9ded7e-bd44-43d4-9d4c-4172aa3ea492,Has recibido una nueva reseña de Elsa Santacruz: «Superó mis expectativas»,agency_new_review,agency_review,6289e5ba-1347-48c7-8e37-6e2bffa16e59,2025-09-26 16:44:58.269040-06:00,,True,2025-09-26 16:44:58.269040-06:00
pacíficorealty.ventas@gmail.com,c522fc00-ebb4-439d-ab2b-c14b958d145b,Has recibido una nueva reseña de Joaquín Orellana: «Excelente atención y proceso transparente»,agency_new_review,agency_review,40aa225b-9b7e-4033-ac98-1915a572b666,2026-03-12 16:44:58.269045-06:00,,True,2026-03-12 16:44:58.269045-06:00
concretusdesarrollos.ventas@gmail.com,6886adbc-deaf-4cdf-8204-6f552c628891,Has recibido una nueva reseña de Carlota Ortiz: «Agencia confiable y bien establecida»,agency_new_review,agency_review,0c78383a-ceaa-48ff-9302-247ebb18aaaf,2025-11-19 16:44:58.269050-06:00,,True,2025-11-19 16:44:58.269050-06:00
concretusdesarrollos.ventas@gmail.com,6886adbc-deaf-4cdf-8204-6f552c628891,Has recibido una nueva reseña de Ángela Tamayo: «Superó mis expectativas»,agency_new_review,agency_review,039c8540-554b-4f92-bcb7-5cd237e0d4c2,2026-01-03 16:44:58.269054-06:00,,True,2026-01-03 16:44:58.269054-06:00
soleilpropiedades.ventas@gmail.com,42df8c3e-05fb-49ee-9c6d-dd3884dd8915,Has recibido una nueva reseña de Javier Bustos: «Equipo muy profesional»,agency_new_review,agency_review,09897fd5-1ce1-48e8-afc0-2de30ebef749,2026-06-08 16:44:58.269059-06:00,,True,2026-06-08 16:44:58.269059-06:00
pacíficorealty.ventas@gmail.com,c522fc00-ebb4-439d-ab2b-c14b958d145b,Has recibido una nueva reseña de Elsa Santacruz: «Buen servicio al cliente»,agency_new_review,agency_review,7dbe20b6-49b4-4565-be23-546215bbfcc3,2026-04-24 16:44:58.269064-06:00,,True,2026-04-24 16:44:58.269064-06:00
terrahogar.ventas@gmail.com,5c9ded7e-bd44-43d4-9d4c-4172aa3ea492,Has recibido una nueva reseña de Miguel Colunga: «Buen servicio al cliente»,agency_new_review,agency_review,e0d74abd-48ee-4427-9e96-9d18ad998e4d,2025-10-03 16:44:58.269068-06:00,,True,2025-10-03 16:44:58.269068-06:00
concretusdesarrollos.ventas@gmail.com,6886adbc-deaf-4cdf-8204-6f552c628891,Has recibido una nueva reseña de Victoria Gallardo: «Buen servicio al cliente»,agency_new_review,agency_review,ec027080-bb49-43be-a426-424c3639c43f,,SMTP connection timeout,False,2025-10-01 16:44:58.269075-06:00
terrahogar.ventas@gmail.com,5c9ded7e-bd44-43d4-9d4c-4172aa3ea492,Has recibido una nueva reseña de Lilia Olivera: «Superó mis expectativas»,agency_new_review,agency_review,1ee78152-0731-4420-90c2-da5b62be4597,2026-03-13 16:44:58.269080-06:00,,True,2026-03-13 16:44:58.269080-06:00
pacíficorealty.ventas@gmail.com,c522fc00-ebb4-439d-ab2b-c14b958d145b,Has recibido una nueva reseña de Marco Antonio Briseño: «Superó mis expectativas»,agency_new_review,agency_review,1c7f745e-bc94-4756-8098-306666b7e719,2026-05-31 16:44:58.269085-06:00,,True,2026-05-31 16:44:58.269085-06:00
pacíficorealty.ventas@gmail.com,c522fc00-ebb4-439d-ab2b-c14b958d145b,Has recibido una nueva reseña de Miguel Colunga: «Agencia confiable y bien establecida»,agency_new_review,agency_review,e8e0271f-6edb-4477-bd6c-5963b581465e,2026-04-08 16:44:58.269090-06:00,,True,2026-04-08 16:44:58.269090-06:00
crhomes.ventas@gmail.com,96efd4d2-e8c2-40a3-89fa-7e6eda53c9e2,Has recibido una nueva reseña de Paulina Mireles: «Excelente atención y proceso transparente»,agency_new_review,agency_review,cb4468d5-29b0-42f9-97e5-e8c272c88bf4,2025-12-22 16:44:58.269095-06:00,,True,2025-12-22 16:44:58.269095-06:00
costaliving.ventas@gmail.com,4b03c34a-2ec7-42e8-a496-8763f64b8bda,Has recibido una nueva reseña de Andrés Castellanos: «Agencia confiable y bien establecida»,agency_new_review,agency_review,11e3ec42-8bd1-4d7f-8296-709b676c0509,2026-04-29 16:44:58.269100-06:00,,True,2026-04-29 16:44:58.269100-06:00
grupoaltamira.ventas@gmail.com,f45525cf-17b3-4d3c-87a5-d103d781cf92,Has recibido una nueva reseña de Isabel Prieto: «Proceso ágil y profesional»,agency_new_review,agency_review,1d66e017-759b-4216-a088-d3723b39a492,2025-11-07 16:44:58.269104-06:00,,True,2025-11-07 16:44:58.269104-06:00
crhomes.ventas@gmail.com,96efd4d2-e8c2-40a3-89fa-7e6eda53c9e2,Has recibido una nueva reseña de Silvano Gil: «Excelente atención y proceso transparente»,agency_new_review,agency_review,cce684d1-03fc-4d0a-acaf-a9663bc312eb,2025-11-24 16:44:58.269111-06:00,,True,2025-11-24 16:44:58.269111-06:00
concretusdesarrollos.ventas@gmail.com,6886adbc-deaf-4cdf-8204-6f552c628891,"Has recibido una nueva reseña de Marcela Villagómez: «Buenas propiedades, comunicación mejorable»",agency_new_review,agency_review,490a911d-74c0-49a1-9f1e-f2a35bd21d12,2026-02-20 16:44:58.269115-06:00,,True,2026-02-20 16:44:58.269115-06:00
terrahogar.ventas@gmail.com,5c9ded7e-bd44-43d4-9d4c-4172aa3ea492,Has recibido una nueva reseña de Eric Roldán: «Buen servicio al cliente»,agency_new_review,agency_review,2729fa1e-3b59-46d6-93d3-f1cad0077d6f,2026-04-06 16:44:58.269120-06:00,,True,2026-04-06 16:44:58.269120-06:00
soleilpropiedades.ventas@gmail.com,42df8c3e-05fb-49ee-9c6d-dd3884dd8915,"Has recibido una nueva reseña de Violeta Caldera: «Propiedades de calidad, precios justos»",agency_new_review,agency_review,f66f2a0f-b879-4732-abe6-3cfc9cf08a1e,2026-05-02 16:44:58.269124-06:00,,True,2026-05-02 16:44:58.269124-06:00
pacíficorealty.ventas@gmail.com,c522fc00-ebb4-439d-ab2b-c14b958d145b,Has recibido una nueva reseña de Ignacio Montaño: «Agencia confiable y bien establecida»,agency_new_review,agency_review,1b66b0c1-ce0e-443d-acaf-029bb84094c4,2025-11-13 16:44:58.269129-06:00,,True,2025-11-13 16:44:58.269129-06:00
valleverdepropiedades.ventas@gmail.com,4805f37f-95d5-45fb-b201-99e2a734bd9e,Has recibido una nueva reseña de Victoria Gallardo: «Agencia confiable y bien establecida»,agency_new_review,agency_review,c66df0bb-b172-42bb-936b-39aa16d84398,2025-12-21 16:44:58.269134-06:00,,True,2025-12-21 16:44:58.269134-06:00
terrahogar.ventas@gmail.com,5c9ded7e-bd44-43d4-9d4c-4172aa3ea492,Has recibido una nueva reseña de Jacinto Zúñiga: «Proceso ágil y profesional»,agency_new_review,agency_review,277e8c1a-2a35-4cd3-87ce-f7792c45d5e6,2026-05-07 16:44:58.269140-06:00,,True,2026-05-07 16:44:58.269140-06:00
valleverdepropiedades.ventas@gmail.com,4805f37f-95d5-45fb-b201-99e2a734bd9e,Has recibido una nueva reseña de Elsa Santacruz: «Agencia confiable y bien establecida»,agency_new_review,agency_review,52be57fd-c36d-437f-8645-33ce04a0191c,2025-12-21 16:44:58.269146-06:00,,True,2025-12-21 16:44:58.269146-06:00
soleilpropiedades.ventas@gmail.com,42df8c3e-05fb-49ee-9c6d-dd3884dd8915,Has recibido una nueva reseña de Humberto Gonzales: «Equipo muy profesional»,agency_new_review,agency_review,4e0e9bee-929c-418b-a9db-1e194c760935,2025-10-06 16:44:58.269150-06:00,,True,2025-10-06 16:44:58.269150-06:00
pacíficorealty.ventas@gmail.com,c522fc00-ebb4-439d-ab2b-c14b958d145b,Has recibido una nueva reseña de Agustín León: «Superó mis expectativas»,agency_new_review,agency_review,a0245455-07ff-4d2e-ac77-eade75e58e2c,2025-10-23 16:44:58.269155-06:00,,True,2025-10-23 16:44:58.269155-06:00
crhomes.ventas@gmail.com,96efd4d2-e8c2-40a3-89fa-7e6eda53c9e2,"Has recibido una nueva reseña de Celia Báez: «Propiedades de calidad, precios justos»",agency_new_review,agency_review,ab4f7fac-0d8c-4b47-9cab-009447f60529,2026-02-12 16:44:58.269160-06:00,,True,2026-02-12 16:44:58.269160-06:00
pacíficorealty.ventas@gmail.com,c522fc00-ebb4-439d-ab2b-c14b958d145b,Has recibido una nueva reseña de Jacinto Zúñiga: «Satisfecho con el proceso de compra»,agency_new_review,agency_review,2f243b75-d62f-492b-b15b-1b4adc18a34d,2026-06-17 16:44:58.269164-06:00,,True,2026-06-17 16:44:58.269164-06:00
concretusdesarrollos.ventas@gmail.com,6886adbc-deaf-4cdf-8204-6f552c628891,Has recibido una nueva reseña de Alma Fuentes: «Equipo muy profesional»,agency_new_review,agency_review,a59683ac-2bc0-44ff-8588-df51e998c374,2026-04-09 16:44:58.269169-06:00,,True,2026-04-09 16:44:58.269169-06:00
grupoaltamira.ventas@gmail.com,f45525cf-17b3-4d3c-87a5-d103d781cf92,Has recibido una nueva reseña de Bruno Blanco: «Excelente atención y proceso transparente»,agency_new_review,agency_review,788824fe-4f7e-4ac9-a9f5-a75ad1517906,2025-12-25 16:44:58.269173-06:00,,True,2025-12-25 16:44:58.269173-06:00
pacíficorealty.ventas@gmail.com,c522fc00-ebb4-439d-ab2b-c14b958d145b,Has recibido una nueva reseña de Javier Bustos: «Superó mis expectativas»,agency_new_review,agency_review,f2182f0e-ea4d-48e2-8136-636456fd816e,2026-04-12 16:44:58.269178-06:00,,True,2026-04-12 16:44:58.269178-06:00
grupoaltamira.ventas@gmail.com,f45525cf-17b3-4d3c-87a5-d103d781cf92,Has recibido una nueva reseña de Hernán Haro: «Satisfecho con el proceso de compra»,agency_new_review,agency_review,0c0c2954-6e84-41ac-b7f2-4318feb993c1,2025-12-07 16:44:58.269182-06:00,,True,2025-12-07 16:44:58.269182-06:00
crhomes.ventas@gmail.com,96efd4d2-e8c2-40a3-89fa-7e6eda53c9e2,Has recibido una nueva reseña de Lilia Olivera: «Excelente atención y proceso transparente»,agency_new_review,agency_review,cc4ff584-ce83-4a1a-b599-34d0138f316e,2026-03-25 16:44:58.269188-06:00,,True,2026-03-25 16:44:58.269188-06:00
pacíficorealty.ventas@gmail.com,c522fc00-ebb4-439d-ab2b-c14b958d145b,"Has recibido una nueva reseña de Reynaldo Jaramillo: «Muy buena agencia, recomendada»",agency_new_review,agency_review,b62f9543-ad54-4ac3-ba33-9e7a26e59a6f,2026-02-15 16:44:58.269193-06:00,,True,2026-02-15 16:44:58.269193-06:00
costaliving.ventas@gmail.com,4b03c34a-2ec7-42e8-a496-8763f64b8bda,Has recibido una nueva reseña de Abigail Peres: «Satisfecho con el proceso de compra»,agency_new_review,agency_review,b247a150-ab8c-4b70-a876-93abb351fbf1,2025-12-30 16:44:58.269197-06:00,,True,2025-12-30 16:44:58.269197-06:00
costaliving.ventas@gmail.com,4b03c34a-2ec7-42e8-a496-8763f64b8bda,Has recibido una nueva reseña de Victoria Gallardo: «Buen servicio al cliente»,agency_new_review,agency_review,f590a737-ba89-4d6d-a84e-8c5e7438cb8e,2025-11-26 16:44:58.269202-06:00,,True,2025-11-26 16:44:58.269202-06:00
concretusdesarrollos.ventas@gmail.com,6886adbc-deaf-4cdf-8204-6f552c628891,Has recibido una nueva reseña de Caridad Mares: «Buen servicio al cliente»,agency_new_review,agency_review,489b8237-3907-4fe9-9e2b-d38d56faad15,2025-10-02 16:44:58.269208-06:00,,True,2025-10-02 16:44:58.269208-06:00
valleverdepropiedades.ventas@gmail.com,4805f37f-95d5-45fb-b201-99e2a734bd9e,Has recibido una nueva reseña de Alma Fuentes: «Excelente atención y proceso transparente»,agency_new_review,agency_review,520b022f-b51c-4ae2-8013-340742c18416,2026-04-23 16:44:58.269213-06:00,,True,2026-04-23 16:44:58.269213-06:00
concretusdesarrollos.ventas@gmail.com,6886adbc-deaf-4cdf-8204-6f552c628891,"Has recibido una nueva reseña de David Benavídez: «Propiedades de calidad, precios justos»",agency_new_review,agency_review,9e8df558-41d8-46dd-a6a0-e87e613a5022,2026-04-04 16:44:58.269218-06:00,,True,2026-04-04 16:44:58.269218-06:00
grupoaltamira.ventas@gmail.com,f45525cf-17b3-4d3c-87a5-d103d781cf92,Has recibido una nueva reseña de Timoteo Merino: «Buen servicio al cliente»,agency_new_review,agency_review,baeaebd4-32bd-4d22-bc64-f73cbcc90d12,2026-06-26 16:44:58.269222-06:00,,True,2026-06-26 16:44:58.269222-06:00
costaliving.ventas@gmail.com,4b03c34a-2ec7-42e8-a496-8763f64b8bda,Has recibido una nueva reseña de Marco Antonio Briseño: «Agencia confiable y bien establecida»,agency_new_review,agency_review,9f22253b-aa47-4adb-9506-ac7243f0ce56,,SMTP connection timeout,False,2026-04-02 16:44:58.269227-06:00
valleverdepropiedades.ventas@gmail.com,4805f37f-95d5-45fb-b201-99e2a734bd9e,"Has recibido una nueva reseña de Agustín León: «Buenas propiedades, comunicación mejorable»",agency_new_review,agency_review,701ec10d-2306-410e-9e59-861ee2582727,2026-01-22 16:44:58.269232-06:00,,True,2026-01-22 16:44:58.269232-06:00
terrahogar.ventas@gmail.com,5c9ded7e-bd44-43d4-9d4c-4172aa3ea492,Has recibido una nueva reseña de Ángela Tamayo: «Buen servicio al cliente»,agency_new_review,agency_review,3914c3f6-a032-44a2-9225-1ce5457d3503,2026-02-28 16:44:58.269236-06:00,,True,2026-02-28 16:44:58.269236-06:00
pacíficorealty.ventas@gmail.com,c522fc00-ebb4-439d-ab2b-c14b958d145b,Has recibido una nueva reseña de Ángela Tamayo: «Equipo muy profesional»,agency_new_review,agency_review,874f4a82-c44d-4986-a934-123646fffeb7,2026-06-11 16:44:58.269242-06:00,,True,2026-06-11 16:44:58.269242-06:00
crhomes.ventas@gmail.com,96efd4d2-e8c2-40a3-89fa-7e6eda53c9e2,Has recibido una nueva reseña de Reynaldo Jaramillo: «Buen servicio al cliente»,agency_new_review,agency_review,c7b13e0f-1afa-4442-ada3-64aa7304be10,2026-06-27 16:44:58.269246-06:00,,True,2026-06-27 16:44:58.269246-06:00
costaliving.ventas@gmail.com,4b03c34a-2ec7-42e8-a496-8763f64b8bda,Has recibido una nueva reseña de Gonzalo Reynoso: «Satisfecho con el proceso de compra»,agency_new_review,agency_review,7144aa7d-edd6-4405-a4d7-63df2609dd5c,2026-04-08 16:44:58.269251-06:00,,True,2026-04-08 16:44:58.269251-06:00
concretusdesarrollos.ventas@gmail.com,6886adbc-deaf-4cdf-8204-6f552c628891,Has recibido una nueva reseña de Violeta Caldera: «Proceso ágil y profesional»,agency_new_review,agency_review,1a0a906d-2c44-4e9c-8c55-62087d67710f,2026-03-04 16:44:58.269255-06:00,,True,2026-03-04 16:44:58.269255-06:00
valleverdepropiedades.ventas@gmail.com,4805f37f-95d5-45fb-b201-99e2a734bd9e,"Has recibido una nueva reseña de Benito Rodarte: «Buenas propiedades, comunicación mejorable»",agency_new_review,agency_review,655098e2-eff4-45c7-9a1c-40509d602a71,2026-04-08 16:44:58.269260-06:00,,True,2026-04-08 16:44:58.269260-06:00
soleilpropiedades.ventas@gmail.com,42df8c3e-05fb-49ee-9c6d-dd3884dd8915,Has recibido una nueva reseña de Lucía Avilés: «Excelente atención y proceso transparente»,agency_new_review,agency_review,ecb6583c-c8ed-43fc-83a3-3f031fb174f1,2025-11-10 16:44:58.269265-06:00,,True,2025-11-10 16:44:58.269265-06:00
grupoaltamira.ventas@gmail.com,f45525cf-17b3-4d3c-87a5-d103d781cf92,Has recibido una nueva reseña de Paulina Mireles: «Superó mis expectativas»,agency_new_review,agency_review,a2c71d9d-d6a5-4a27-88a5-ead69509dea9,2025-10-01 16:44:58.269270-06:00,,True,2025-10-01 16:44:58.269270-06:00
concretusdesarrollos.ventas@gmail.com,6886adbc-deaf-4cdf-8204-6f552c628891,Has recibido una nueva reseña de Estela Cervantes: «Superó mis expectativas»,agency_new_review,agency_review,d0698ae2-8cf2-49d3-9bce-cb1c8e613e1b,,SMTP connection timeout,False,2025-10-06 16:44:58.269276-06:00
soleilpropiedades.ventas@gmail.com,42df8c3e-05fb-49ee-9c6d-dd3884dd8915,"Has recibido una nueva reseña de Caridad Mares: «Muy buena agencia, recomendada»",agency_new_review,agency_review,20833b06-815c-4222-ae8b-2e5081afd49e,2025-12-25 16:44:58.269281-06:00,,True,2025-12-25 16:44:58.269281-06:00
costaliving.ventas@gmail.com,4b03c34a-2ec7-42e8-a496-8763f64b8bda,Has recibido una nueva reseña de Agustín León: «Excelente atención y proceso transparente»,agency_new_review,agency_review,d9afc910-f02f-4040-aad0-ad012f116b3b,,SMTP connection timeout,False,2025-10-22 16:44:58.269287-06:00
soleilpropiedades.ventas@gmail.com,42df8c3e-05fb-49ee-9c6d-dd3884dd8915,"Has recibido una nueva reseña de Benito Rodarte: «Buenas propiedades, comunicación mejorable»",agency_new_review,agency_review,b6f09bd9-6fa0-42b1-a39e-bd6c2b17c58a,2026-04-20 16:44:58.269292-06:00,,True,2026-04-20 16:44:58.269292-06:00
terrahogar.ventas@gmail.com,5c9ded7e-bd44-43d4-9d4c-4172aa3ea492,Has recibido una nueva reseña de Elvia Montes: «Buen servicio al cliente»,agency_new_review,agency_review,5063bff0-6ee2-4ad4-b8dc-9ad9d8e3b1dd,2026-05-23 16:44:58.269297-06:00,,True,2026-05-23 16:44:58.269297-06:00
costaliving.ventas@gmail.com,4b03c34a-2ec7-42e8-a496-8763f64b8bda,"Has recibido una nueva reseña de Reynaldo Jaramillo: «Propiedades de calidad, precios justos»",agency_new_review,agency_review,0873e55a-685a-4c4c-b86e-5dddd1ac7d74,2026-06-25 16:44:58.269303-06:00,,True,2026-06-25 16:44:58.269303-06:00
grupoaltamira.ventas@gmail.com,f45525cf-17b3-4d3c-87a5-d103d781cf92,Has recibido una nueva reseña de Clara Lucio: «Agencia confiable y bien establecida»,agency_new_review,agency_review,c6a8f724-2ffc-45e1-b666-b11b5c0c0cb8,2025-12-30 16:44:58.269308-06:00,,True,2025-12-30 16:44:58.269308-06:00
terrahogar.ventas@gmail.com,5c9ded7e-bd44-43d4-9d4c-4172aa3ea492,Has recibido una nueva reseña de Alma Fuentes: «Equipo muy profesional»,agency_new_review,agency_review,aac1b375-9ad4-4aea-ad87-02bf3d88de79,2026-06-25 16:44:58.269313-06:00,,True,2026-06-25 16:44:58.269313-06:00
concretusdesarrollos.ventas@gmail.com,6886adbc-deaf-4cdf-8204-6f552c628891,"Has recibido una nueva reseña de Dalia Esquivel: «Buenas propiedades, comunicación mejorable»",agency_new_review,agency_review,28128b92-0c7b-4554-bebf-616f3b198af1,2026-05-08 16:44:58.269318-06:00,,True,2026-05-08 16:44:58.269318-06:00
terrahogar.ventas@gmail.com,5c9ded7e-bd44-43d4-9d4c-4172aa3ea492,Has recibido una nueva reseña de Margarita Monroy: «Buen servicio al cliente»,agency_new_review,agency_review,1a8dd891-b19a-47f6-b1f2-cee8d3d2270b,2026-04-30 16:44:58.269323-06:00,,True,2026-04-30 16:44:58.269323-06:00
crhomes.ventas@gmail.com,96efd4d2-e8c2-40a3-89fa-7e6eda53c9e2,Has recibido una nueva reseña de Marcela Villagómez: «Proceso ágil y profesional»,agency_new_review,agency_review,925c13a5-713a-4aad-8a1b-1ffa6afdc838,2026-03-27 16:44:58.269328-06:00,,True,2026-03-27 16:44:58.269328-06:00
pacíficorealty.ventas@gmail.com,c522fc00-ebb4-439d-ab2b-c14b958d145b,Has recibido una nueva reseña de Margarita Monroy: «Satisfecho con el proceso de compra»,agency_new_review,agency_review,eac69bad-cad4-4cd4-974c-b37f17101f70,2026-06-08 16:44:58.269332-06:00,,True,2026-06-08 16:44:58.269332-06:00
terrahogar.ventas@gmail.com,5c9ded7e-bd44-43d4-9d4c-4172aa3ea492,Has recibido una nueva reseña de Benito Rodarte: «Superó mis expectativas»,agency_new_review,agency_review,c3d6c0d0-72c0-4ba4-aa18-d8283d439d01,2026-02-02 16:44:58.269338-06:00,,True,2026-02-02 16:44:58.269338-06:00
soleilpropiedades.ventas@gmail.com,42df8c3e-05fb-49ee-9c6d-dd3884dd8915,Has recibido una nueva reseña de María Cristina Benítez: «Satisfecho con el proceso de compra»,agency_new_review,agency_review,f0464293-2f57-4291-836e-7bebda5f0bf4,2026-05-11 16:44:58.269343-06:00,,True,2026-05-11 16:44:58.269343-06:00
concretusdesarrollos.ventas@gmail.com,6886adbc-deaf-4cdf-8204-6f552c628891,"Has recibido una nueva reseña de Lucía Avilés: «Propiedades de calidad, precios justos»",agency_new_review,agency_review,79ca12aa-81d8-4ce2-9e01-0885a144d67e,2026-02-27 16:44:58.269347-06:00,,True,2026-02-27 16:44:58.269347-06:00
pacíficorealty.ventas@gmail.com,c522fc00-ebb4-439d-ab2b-c14b958d145b,"Has recibido una nueva reseña de Caridad Mares: «Buenas propiedades, comunicación mejorable»",agency_new_review,agency_review,eee953dd-5e5a-4976-96e3-1e0d7ee73b0f,2026-02-06 16:44:58.269352-06:00,,True,2026-02-06 16:44:58.269352-06:00
terrahogar.ventas@gmail.com,5c9ded7e-bd44-43d4-9d4c-4172aa3ea492,"Has recibido una nueva reseña de Isabel Prieto: «Muy buena agencia, recomendada»",agency_new_review,agency_review,f76676c3-0bfe-43aa-bd8f-196657926f77,2026-06-09 16:44:58.269356-06:00,,True,2026-06-09 16:44:58.269356-06:00
concretusdesarrollos.ventas@gmail.com,6886adbc-deaf-4cdf-8204-6f552c628891,Has recibido una nueva reseña de Gabriel Trujillo: «Equipo muy profesional»,agency_new_review,agency_review,3290e279-47fe-4196-b169-33d2f2edadb2,2025-10-28 16:44:58.269361-06:00,,True,2025-10-28 16:44:58.269361-06:00
pacíficorealty.ventas@gmail.com,c522fc00-ebb4-439d-ab2b-c14b958d145b,"Has recibido una nueva reseña de Isabel Prieto: «Muy buena agencia, recomendada»",agency_new_review,agency_review,d2bbe912-c766-41ef-8f51-09b885629d1a,2026-02-10 16:44:58.269365-06:00,,True,2026-02-10 16:44:58.269365-06:00
crhomes.ventas@gmail.com,96efd4d2-e8c2-40a3-89fa-7e6eda53c9e2,Has recibido una nueva reseña de Eric Roldán: «Equipo muy profesional»,agency_new_review,agency_review,31852e6f-05f5-4f2d-9240-c5a418080b30,2025-10-18 16:44:58.269370-06:00,,True,2025-10-18 16:44:58.269370-06:00
grupoaltamira.ventas@gmail.com,f45525cf-17b3-4d3c-87a5-d103d781cf92,"Has recibido una nueva reseña de Adriana Caraballo: «Muy buena agencia, recomendada»",agency_new_review,agency_review,cc066415-2c49-4e13-8d98-482e58e5d08e,2026-05-27 16:44:58.269374-06:00,,True,2026-05-27 16:44:58.269374-06:00
crhomes.ventas@gmail.com,96efd4d2-e8c2-40a3-89fa-7e6eda53c9e2,Has recibido una nueva reseña de Agustín León: «Satisfecho con el proceso de compra»,agency_new_review,agency_review,64f3b9d6-a6bc-4ef8-a62b-9a7338309076,2025-11-23 16:44:58.269379-06:00,,True,2025-11-23 16:44:58.269379-06:00
crhomes.ventas@gmail.com,96efd4d2-e8c2-40a3-89fa-7e6eda53c9e2,Has recibido una nueva reseña de Jacinto Zúñiga: «Agencia confiable y bien establecida»,agency_new_review,agency_review,60eb9b71-2f66-42f3-b90b-e8ba24e168cb,2026-02-08 16:44:58.269384-06:00,,True,2026-02-08 16:44:58.269384-06:00
costaliving.ventas@gmail.com,4b03c34a-2ec7-42e8-a496-8763f64b8bda,"Has recibido una nueva reseña de Elvia Montes: «Muy buena agencia, recomendada»",agency_new_review,agency_review,2822a619-8f0f-437b-b734-d8794100c326,,SMTP connection timeout,False,2025-11-28 16:44:58.269389-06:00
soleilpropiedades.ventas@gmail.com,42df8c3e-05fb-49ee-9c6d-dd3884dd8915,Has recibido una nueva reseña de Isaac Lucio: «Buen servicio al cliente»,agency_new_review,agency_review,a8f20330-81aa-49f7-aee2-fb71e7d95f63,2025-10-02 16:44:58.269395-06:00,,True,2025-10-02 16:44:58.269395-06:00
soleilpropiedades.ventas@gmail.com,42df8c3e-05fb-49ee-9c6d-dd3884dd8915,Has recibido una nueva reseña de Miriam Pantoja: «Equipo muy profesional»,agency_new_review,agency_review,738ed9c4-613f-48ea-8224-91c8a799e07d,2026-03-18 16:44:58.269399-06:00,,True,2026-03-18 16:44:58.269399-06:00
crhomes.ventas@gmail.com,96efd4d2-e8c2-40a3-89fa-7e6eda53c9e2,Has recibido una nueva reseña de Joaquín Cardenas: «Excelente atención y proceso transparente»,agency_new_review,agency_review,75a52170-1b5b-413b-891b-a170a6f85ec6,,SMTP connection timeout,False,2026-03-17 16:44:58.269404-06:00
concretusdesarrollos.ventas@gmail.com,6886adbc-deaf-4cdf-8204-6f552c628891,Has recibido una nueva reseña de Leonel Pabón: «Superó mis expectativas»,agency_new_review,agency_review,1f2ba41f-8aa2-41c1-be49-6d039b7264ff,2025-11-18 16:44:58.269408-06:00,,True,2025-11-18 16:44:58.269408-06:00
soleilpropiedades.ventas@gmail.com,42df8c3e-05fb-49ee-9c6d-dd3884dd8915,Has recibido una nueva reseña de Silvano Gil: «Equipo muy profesional»,agency_new_review,agency_review,51e5d5ed-ac06-4de5-a749-1fcec2e3ab3f,2026-04-21 16:44:58.269413-06:00,,True,2026-04-21 16:44:58.269413-06:00
soleilpropiedades.ventas@gmail.com,42df8c3e-05fb-49ee-9c6d-dd3884dd8915,Has recibido una nueva reseña de Abigail Peres: «Agencia confiable y bien establecida»,agency_new_review,agency_review,108a3047-7e1b-41b9-a084-175f930997ab,2025-11-19 16:44:58.269417-06:00,,True,2025-11-19 16:44:58.269417-06:00
pacíficorealty.ventas@gmail.com,c522fc00-ebb4-439d-ab2b-c14b958d145b,Has recibido una nueva reseña de Dalia Esquivel: «Agencia confiable y bien establecida»,agency_new_review,agency_review,d1ca3b1d-a36d-4dcc-b107-026392e5b086,2025-11-22 16:44:58.269423-06:00,,True,2025-11-22 16:44:58.269423-06:00
costaliving.ventas@gmail.com,4b03c34a-2ec7-42e8-a496-8763f64b8bda,Has recibido una nueva reseña de Benito Rodarte: «Equipo muy profesional»,agency_new_review,agency_review,4189759e-a500-44c5-bf79-e5ce5eef7cfd,2025-09-26 16:44:58.269428-06:00,,True,2025-09-26 16:44:58.269428-06:00
valleverdepropiedades.ventas@gmail.com,4805f37f-95d5-45fb-b201-99e2a734bd9e,Has recibido una nueva reseña de Eva Márquez: «Satisfecho con el proceso de compra»,agency_new_review,agency_review,bf168edc-4619-416d-92f7-ffde4bef6650,2026-04-30 16:44:58.269433-06:00,,True,2026-04-30 16:44:58.269433-06:00
terrahogar.ventas@gmail.com,5c9ded7e-bd44-43d4-9d4c-4172aa3ea492,Has recibido una nueva reseña de Ana Luisa Lerma: «Satisfecho con el proceso de compra»,agency_new_review,agency_review,9d1a49fc-fa0f-402e-a9be-7a268a228b18,2026-02-01 16:44:58.269437-06:00,,True,2026-02-01 16:44:58.269437-06:00
valleverdepropiedades.ventas@gmail.com,4805f37f-95d5-45fb-b201-99e2a734bd9e,"Has recibido una nueva reseña de Pedro Salcido: «Muy buena agencia, recomendada»",agency_new_review,agency_review,b15b4fc3-faf3-47f7-ab45-4a98c6231de2,2025-11-10 16:44:58.269442-06:00,,True,2025-11-10 16:44:58.269442-06:00
costaliving.ventas@gmail.com,4b03c34a-2ec7-42e8-a496-8763f64b8bda,"Has recibido una nueva reseña de Minerva Ortega: «Buenas propiedades, comunicación mejorable»",agency_new_review,agency_review,76ca8a1f-c1ae-42ca-bda1-f6fb0edb2eb8,2025-12-27 16:44:58.269446-06:00,,True,2025-12-27 16:44:58.269446-06:00
terrahogar.ventas@gmail.com,5c9ded7e-bd44-43d4-9d4c-4172aa3ea492,"Has recibido una nueva reseña de Paulina Mireles: «Muy buena agencia, recomendada»",agency_new_review,agency_review,fecb7e3d-ec67-4a95-86ff-2223113e40e2,2025-11-03 16:44:58.269451-06:00,,True,2025-11-03 16:44:58.269451-06:00
terrahogar.ventas@gmail.com,5c9ded7e-bd44-43d4-9d4c-4172aa3ea492,"Has recibido una nueva reseña de Gabriel Trujillo: «Muy buena agencia, recomendada»",agency_new_review,agency_review,f8e9f4f9-d906-4401-92b8-2f134c9cb673,,SMTP connection timeout,False,2026-05-31 16:44:58.269455-06:00
pacíficorealty.ventas@gmail.com,c522fc00-ebb4-439d-ab2b-c14b958d145b,"Has recibido una nueva reseña de Gabriel Trujillo: «Muy buena agencia, recomendada»",agency_new_review,agency_review,b285b181-d6eb-4800-9fab-63a4da990eda,2026-02-10 16:44:58.269461-06:00,,True,2026-02-10 16:44:58.269461-06:00
costaliving.ventas@gmail.com,4b03c34a-2ec7-42e8-a496-8763f64b8bda,Has recibido una nueva reseña de Estela Cervantes: «Excelente atención y proceso transparente»,agency_new_review,agency_review,670ea60c-220f-4a8a-9a13-e9f1c9e9ca67,2026-03-29 16:44:58.269465-06:00,,True,2026-03-29 16:44:58.269465-06:00
costaliving.ventas@gmail.com,4b03c34a-2ec7-42e8-a496-8763f64b8bda,"Has recibido una nueva reseña de Raquel Escalante: «Propiedades de calidad, precios justos»",agency_new_review,agency_review,10093865-31a9-4ba2-81a0-77fb5a9d7ed9,2025-10-01 16:44:58.269470-06:00,,True,2025-10-01 16:44:58.269470-06:00
soleilpropiedades.ventas@gmail.com,42df8c3e-05fb-49ee-9c6d-dd3884dd8915,"Has recibido una nueva reseña de Teodoro Paredes: «Muy buena agencia, recomendada»",agency_new_review,agency_review,c6b45960-dbe2-4ce1-b35a-b5df70c71dea,2026-06-11 16:44:58.269475-06:00,,True,2026-06-11 16:44:58.269475-06:00
valleverdepropiedades.ventas@gmail.com,4805f37f-95d5-45fb-b201-99e2a734bd9e,Has recibido una nueva reseña de Isaac Lucio: «Buen servicio al cliente»,agency_new_review,agency_review,5adeb24f-b735-4701-9aee-28d790b8d4ff,2026-05-17 16:44:58.269479-06:00,,True,2026-05-17 16:44:58.269479-06:00
terrahogar.ventas@gmail.com,5c9ded7e-bd44-43d4-9d4c-4172aa3ea492,Has recibido una nueva reseña de Celia Báez: «Buen servicio al cliente»,agency_new_review,agency_review,5e76cf30-77b2-4d9f-ba91-da875a8ee106,2026-07-05 16:44:58.269484-06:00,,True,2026-07-05 16:44:58.269484-06:00
valleverdepropiedades.ventas@gmail.com,4805f37f-95d5-45fb-b201-99e2a734bd9e,Has recibido una nueva reseña de Miriam Pantoja: «Excelente atención y proceso transparente»,agency_new_review,agency_review,0bc02de7-d9ed-426c-a21d-58a51887abe6,2026-02-28 16:44:58.269491-06:00,,True,2026-02-28 16:44:58.269491-06:00
terrahogar.ventas@gmail.com,5c9ded7e-bd44-43d4-9d4c-4172aa3ea492,Has recibido una nueva reseña de Alta  Gracia Tapia: «Buen servicio al cliente»,agency_new_review,agency_review,6a6c3025-fad5-45cb-820d-44ee025255d2,2025-11-09 16:44:58.269497-06:00,,True,2025-11-09 16:44:58.269497-06:00
crhomes.ventas@gmail.com,96efd4d2-e8c2-40a3-89fa-7e6eda53c9e2,Has recibido una nueva reseña de Caridad Mares: «Buen servicio al cliente»,agency_new_review,agency_review,faf27eb9-fb16-4a7a-8121-0c6ca350bc88,2026-05-03 16:44:58.269502-06:00,,True,2026-05-03 16:44:58.269502-06:00
valleverdepropiedades.ventas@gmail.com,4805f37f-95d5-45fb-b201-99e2a734bd9e,Has recibido una nueva reseña de Paulina Mireles: «Superó mis expectativas»,agency_new_review,agency_review,78d4021c-4dee-41ff-9b90-b2353b8cc44a,2026-04-30 16:44:58.269507-06:00,,True,2026-04-30 16:44:58.269507-06:00
terrahogar.ventas@gmail.com,5c9ded7e-bd44-43d4-9d4c-4172aa3ea492,Has recibido una nueva reseña de María Cristina Benítez: «Excelente atención y proceso transparente»,agency_new_review,agency_review,2f0e2cb5-3f4d-4384-9ebf-33f4bd04d66a,2026-01-27 16:44:58.269511-06:00,,True,2026-01-27 16:44:58.269511-06:00
pacíficorealty.ventas@gmail.com,c522fc00-ebb4-439d-ab2b-c14b958d145b,"Has recibido una nueva reseña de Bruno Blanco: «Muy buena agencia, recomendada»",agency_new_review,agency_review,b6f6924c-934f-43b1-bc7c-a3ef07c3dad8,2025-10-21 16:44:58.269516-06:00,,True,2025-10-21 16:44:58.269516-06:00
grupoaltamira.ventas@gmail.com,f45525cf-17b3-4d3c-87a5-d103d781cf92,Has recibido una nueva reseña de Minerva Ortega: «Equipo muy profesional»,agency_new_review,agency_review,cffbd8c0-e187-47c8-a681-fe7e54d7d132,2026-05-10 16:44:58.269520-06:00,,True,2026-05-10 16:44:58.269520-06:00
valleverdepropiedades.ventas@gmail.com,4805f37f-95d5-45fb-b201-99e2a734bd9e,Has recibido una nueva reseña de Abigail Peres: «Proceso ágil y profesional»,agency_new_review,agency_review,ae728de9-246b-4fb8-982d-2c394a0a0915,2026-03-30 16:44:58.269525-06:00,,True,2026-03-30 16:44:58.269525-06:00
costaliving.ventas@gmail.com,4b03c34a-2ec7-42e8-a496-8763f64b8bda,Has recibido una nueva reseña de Lucía Avilés: «Satisfecho con el proceso de compra»,agency_new_review,agency_review,e11b5e1c-f1dd-4eeb-96d6-ef99ef7f8887,2025-10-17 16:44:58.269531-06:00,,True,2025-10-17 16:44:58.269531-06:00
soleilpropiedades.ventas@gmail.com,42df8c3e-05fb-49ee-9c6d-dd3884dd8915,Has recibido una nueva reseña de Ángela Tamayo: «Superó mis expectativas»,agency_new_review,agency_review,9271eca8-5cb0-49fa-ba04-4771cc278552,2026-01-17 16:44:58.269537-06:00,,True,2026-01-17 16:44:58.269537-06:00
grupoaltamira.ventas@gmail.com,f45525cf-17b3-4d3c-87a5-d103d781cf92,"Has recibido una nueva reseña de Estela Cervantes: «Muy buena agencia, recomendada»",agency_new_review,agency_review,ad01a2cc-4b1c-400c-90f3-c2f1c9465c98,2025-12-17 16:44:58.269542-06:00,,True,2025-12-17 16:44:58.269542-06:00
terrahogar.ventas@gmail.com,5c9ded7e-bd44-43d4-9d4c-4172aa3ea492,Has recibido una nueva reseña de Andrés Castellanos: «Equipo muy profesional»,agency_new_review,agency_review,31f110af-c7d0-4ba2-9593-cab29cf1d1bf,2025-11-01 16:44:58.269546-06:00,,True,2025-11-01 16:44:58.269546-06:00
pacíficorealty.ventas@gmail.com,c522fc00-ebb4-439d-ab2b-c14b958d145b,Has recibido una nueva reseña de Adriana Caraballo: «Agencia confiable y bien establecida»,agency_new_review,agency_review,ba6f3dcf-d824-4df0-aa15-9bd71f1051ce,2025-10-31 16:44:58.269551-06:00,,True,2025-10-31 16:44:58.269551-06:00
concretusdesarrollos.ventas@gmail.com,6886adbc-deaf-4cdf-8204-6f552c628891,Has recibido una nueva reseña de Teodoro Paredes: «Satisfecho con el proceso de compra»,agency_new_review,agency_review,bcbdbede-f7ba-4bea-bff1-53258bf4ef7f,2026-05-04 16:44:58.269556-06:00,,True,2026-05-04 16:44:58.269556-06:00
costaliving.ventas@gmail.com,4b03c34a-2ec7-42e8-a496-8763f64b8bda,Has recibido una nueva reseña de Gabriel Trujillo: «Agencia confiable y bien establecida»,agency_new_review,agency_review,6b4491ed-e4a4-467f-9b2d-496f916e6137,2025-10-13 16:44:58.269561-06:00,,True,2025-10-13 16:44:58.269561-06:00
soleilpropiedades.ventas@gmail.com,42df8c3e-05fb-49ee-9c6d-dd3884dd8915,Has recibido una nueva reseña de Victoria Gallardo: «Satisfecho con el proceso de compra»,agency_new_review,agency_review,d3437f43-c20a-4163-b8cd-d35e84498a61,2025-09-26 16:44:58.269565-06:00,,True,2025-09-26 16:44:58.269565-06:00
valleverdepropiedades.ventas@gmail.com,4805f37f-95d5-45fb-b201-99e2a734bd9e,Has recibido una nueva reseña de Lilia Olivera: «Agencia confiable y bien establecida»,agency_new_review,agency_review,ce10ad7d-836e-40f4-b759-eda44690894a,2025-10-19 16:44:58.269570-06:00,,True,2025-10-19 16:44:58.269570-06:00
concretusdesarrollos.ventas@gmail.com,6886adbc-deaf-4cdf-8204-6f552c628891,"Has recibido una nueva reseña de Javier Bustos: «Muy buena agencia, recomendada»",agency_new_review,agency_review,0910793d-0d07-477d-b573-d8836ad18519,2026-01-06 16:44:58.269576-06:00,,True,2026-01-06 16:44:58.269576-06:00
valleverdepropiedades.ventas@gmail.com,4805f37f-95d5-45fb-b201-99e2a734bd9e,Has recibido una nueva reseña de Gonzalo Reynoso: «Buen servicio al cliente»,agency_new_review,agency_review,aa095643-3f6a-499b-bf02-95f58b9fe392,2026-07-05 16:44:58.269580-06:00,,True,2026-07-05 16:44:58.269580-06:00
valleverdepropiedades.ventas@gmail.com,4805f37f-95d5-45fb-b201-99e2a734bd9e,"Has recibido una nueva reseña de Ana Luisa Sánchez: «Buenas propiedades, comunicación mejorable»",agency_new_review,agency_review,bf7eb5c7-bf3a-420d-890e-f040d7339e65,2026-01-23 16:44:58.269584-06:00,,True,2026-01-23 16:44:58.269584-06:00
soleilpropiedades.ventas@gmail.com,42df8c3e-05fb-49ee-9c6d-dd3884dd8915,Has recibido una nueva reseña de Miguel Colunga: «Satisfecho con el proceso de compra»,agency_new_review,agency_review,cf889fde-ad1c-4f76-9b0a-98aa894f7b11,2026-06-18 16:44:58.269594-06:00,,True,2026-06-18 16:44:58.269594-06:00
lucíaavilés.buyer@gmail.com,663b8db8-a7e1-41a0-84e8-814f68f4f37a,"Recibimos tu solicitud de compra — Terreno comercial en zona de alto crecimiento, Talamanca",purchase_received,purchase_request,45c45390-e4b5-43a6-b5df-a2e807f9ee4f,2026-07-06 16:44:58.271457-06:00,,True,2026-07-06 16:44:58.271457-06:00
grupoaltamira.ventas@gmail.com,f45525cf-17b3-4d3c-87a5-d103d781cf92,"Nueva solicitud de compra recibida — Terreno comercial en zona de alto crecimiento, Talamanca",agency_new_request,purchase_request,45c45390-e4b5-43a6-b5df-a2e807f9ee4f,2026-06-21 16:44:58.271459-06:00,,True,2026-06-21 16:44:58.271459-06:00
lucíaavilés.buyer@gmail.com,663b8db8-a7e1-41a0-84e8-814f68f4f37a,"¡Buenas noticias! Tu solicitud fue aceptada — Terreno comercial en zona de alto crecimiento, Talamanca",purchase_accepted,purchase_request,45c45390-e4b5-43a6-b5df-a2e807f9ee4f,2026-07-10 16:44:58.271462-06:00,,True,2026-07-10 16:44:58.271462-06:00
davidbenavídez.buyer@gmail.com,6d323590-f99e-4a0f-a9f3-30f82bf63721,"Recibimos tu solicitud de compra — Hermosa casa en condominio privado, Alajuela Centro",purchase_received,purchase_request,deca02a7-a138-4451-8c52-4cb4840b8cff,2026-06-20 16:44:58.271466-06:00,,True,2026-06-20 16:44:58.271466-06:00
costaliving.ventas@gmail.com,4b03c34a-2ec7-42e8-a496-8763f64b8bda,"Nueva solicitud de compra recibida — Hermosa casa en condominio privado, Alajuela Centro",agency_new_request,purchase_request,deca02a7-a138-4451-8c52-4cb4840b8cff,2026-05-26 16:44:58.271468-06:00,,True,2026-05-26 16:44:58.271468-06:00
davidbenavídez.buyer@gmail.com,6d323590-f99e-4a0f-a9f3-30f82bf63721,"¡Buenas noticias! Tu solicitud fue aceptada — Hermosa casa en condominio privado, Alajuela Centro",purchase_accepted,purchase_request,deca02a7-a138-4451-8c52-4cb4840b8cff,2026-07-08 16:44:58.271470-06:00,,True,2026-07-08 16:44:58.271470-06:00
pedrosalcido.buyer@gmail.com,043ec065-1baf-4e97-8c97-3122fe40c3b4,"Recibimos tu solicitud de compra — Residencia de lujo en Heredia, Heredia",purchase_received,purchase_request,8a04f41b-e435-4f0c-a59f-652d1b2b54e6,2026-06-23 16:44:58.271473-06:00,,True,2026-06-23 16:44:58.271473-06:00
valleverdepropiedades.ventas@gmail.com,4805f37f-95d5-45fb-b201-99e2a734bd9e,"Nueva solicitud de compra recibida — Residencia de lujo en Heredia, Heredia",agency_new_request,purchase_request,8a04f41b-e435-4f0c-a59f-652d1b2b54e6,2026-07-05 16:44:58.271475-06:00,,True,2026-07-05 16:44:58.271475-06:00
pedrosalcido.buyer@gmail.com,043ec065-1baf-4e97-8c97-3122fe40c3b4,"Actualización sobre tu solicitud — Residencia de lujo en Heredia, Heredia",purchase_rejected,purchase_request,8a04f41b-e435-4f0c-a59f-652d1b2b54e6,2026-07-10 16:44:58.271477-06:00,,True,2026-07-10 16:44:58.271477-06:00
elviamontes.buyer@gmail.com,ed1e6fdb-3e53-4813-b7c3-05e992d498e8,"Recibimos tu solicitud de compra — Residencia de lujo en San Carlos, Alajuela",purchase_received,purchase_request,f24a3a26-e506-4690-ad01-3680a37b5a46,2026-06-12 16:44:58.271479-06:00,,True,2026-06-12 16:44:58.271479-06:00
valleverdepropiedades.ventas@gmail.com,4805f37f-95d5-45fb-b201-99e2a734bd9e,"Nueva solicitud de compra recibida — Residencia de lujo en San Carlos, Alajuela",agency_new_request,purchase_request,f24a3a26-e506-4690-ad01-3680a37b5a46,2026-06-05 16:44:58.271481-06:00,,True,2026-06-05 16:44:58.271481-06:00
elviamontes.buyer@gmail.com,ed1e6fdb-3e53-4813-b7c3-05e992d498e8,"¡Buenas noticias! Tu solicitud fue aceptada — Residencia de lujo en San Carlos, Alajuela",purchase_accepted,purchase_request,f24a3a26-e506-4690-ad01-3680a37b5a46,2026-07-02 16:44:58.271484-06:00,,True,2026-07-02 16:44:58.271484-06:00
mateoescamilla.buyer@gmail.com,6e0f41c8-2a00-4010-8f50-689427905154,"Recibimos tu solicitud de compra — Terreno comercial en zona de alto crecimiento, San José",purchase_received,purchase_request,85cf535f-6728-45d7-875a-2dcbf3553ffc,2026-07-03 16:44:58.271486-06:00,,True,2026-07-03 16:44:58.271486-06:00
concretusdesarrollos.ventas@gmail.com,6886adbc-deaf-4cdf-8204-6f552c628891,"Nueva solicitud de compra recibida — Terreno comercial en zona de alto crecimiento, San José",agency_new_request,purchase_request,85cf535f-6728-45d7-875a-2dcbf3553ffc,2026-06-22 16:44:58.271488-06:00,,True,2026-06-22 16:44:58.271488-06:00
mateoescamilla.buyer@gmail.com,6e0f41c8-2a00-4010-8f50-689427905154,"¡Buenas noticias! Tu solicitud fue aceptada — Terreno comercial en zona de alto crecimiento, San José",purchase_accepted,purchase_request,85cf535f-6728-45d7-875a-2dcbf3553ffc,2026-07-03 16:44:58.271490-06:00,,True,2026-07-03 16:44:58.271490-06:00
salmaabrego.buyer@gmail.com,6495bfec-8864-4441-9a5b-ad09aff7b980,"Recibimos tu solicitud de compra — Lote plano en urbanización, Tres Ríos",purchase_received,purchase_request,22bc61de-2034-466f-9bd6-de7d48876fa1,2026-07-06 16:44:58.271492-06:00,,True,2026-07-06 16:44:58.271492-06:00
crhomes.ventas@gmail.com,96efd4d2-e8c2-40a3-89fa-7e6eda53c9e2,"Nueva solicitud de compra recibida — Lote plano en urbanización, Tres Ríos",agency_new_request,purchase_request,22bc61de-2034-466f-9bd6-de7d48876fa1,2026-07-04 16:44:58.271494-06:00,,True,2026-07-04 16:44:58.271494-06:00
salmaabrego.buyer@gmail.com,6495bfec-8864-4441-9a5b-ad09aff7b980,"Actualización sobre tu solicitud — Lote plano en urbanización, Tres Ríos",purchase_rejected,purchase_request,22bc61de-2034-466f-9bd6-de7d48876fa1,2026-07-09 16:44:58.271497-06:00,,True,2026-07-09 16:44:58.271497-06:00
marcoantoniobriseño.buyer@gmail.com,9a88019a-610d-476f-bee3-5cab7744ce79,Recibimos tu solicitud de compra — Casa de campo con jardín en Santa Cruz,purchase_received,purchase_request,e53bf257-8931-48f4-a99e-7c63abbae135,2026-06-27 16:44:58.271499-06:00,,True,2026-06-27 16:44:58.271499-06:00
costaliving.ventas@gmail.com,4b03c34a-2ec7-42e8-a496-8763f64b8bda,Nueva solicitud de compra recibida — Casa de campo con jardín en Santa Cruz,agency_new_request,purchase_request,e53bf257-8931-48f4-a99e-7c63abbae135,2026-07-06 16:44:58.271501-06:00,,True,2026-07-06 16:44:58.271501-06:00
marcoantoniobriseño.buyer@gmail.com,9a88019a-610d-476f-bee3-5cab7744ce79,Actualización sobre tu solicitud — Casa de campo con jardín en Santa Cruz,purchase_rejected,purchase_request,e53bf257-8931-48f4-a99e-7c63abbae135,2026-07-04 16:44:58.271503-06:00,,True,2026-07-04 16:44:58.271503-06:00
ignaciomontaño.buyer@gmail.com,92664660-83ee-4889-88a8-aa745240bf4f,"Recibimos tu solicitud de compra — Unidad en Condominio Privado, Limón",purchase_received,purchase_request,dfd19090-3004-48ca-a58f-dba70c58612c,2026-06-26 16:44:58.271505-06:00,,True,2026-06-26 16:44:58.271505-06:00
grupoaltamira.ventas@gmail.com,f45525cf-17b3-4d3c-87a5-d103d781cf92,"Nueva solicitud de compra recibida — Unidad en Condominio Privado, Limón",agency_new_request,purchase_request,dfd19090-3004-48ca-a58f-dba70c58612c,2026-07-07 16:44:58.271507-06:00,,True,2026-07-07 16:44:58.271507-06:00
ignaciomontaño.buyer@gmail.com,92664660-83ee-4889-88a8-aa745240bf4f,"¡Buenas noticias! Tu solicitud fue aceptada — Unidad en Condominio Privado, Limón",purchase_accepted,purchase_request,dfd19090-3004-48ca-a58f-dba70c58612c,2026-07-06 16:44:58.271509-06:00,,True,2026-07-06 16:44:58.271509-06:00
victoriagallardo.buyer@gmail.com,53896f94-3e54-4240-99a0-f15db77d970c,"Recibimos tu solicitud de compra — Residencia de lujo en Puntarenas, Puntarenas",purchase_received,purchase_request,62fdd04d-5463-4585-8319-4a014eba8a25,,SMTP connection timeout,False,2026-07-10 16:44:58.271512-06:00
crhomes.ventas@gmail.com,96efd4d2-e8c2-40a3-89fa-7e6eda53c9e2,"Nueva solicitud de compra recibida — Residencia de lujo en Puntarenas, Puntarenas",agency_new_request,purchase_request,62fdd04d-5463-4585-8319-4a014eba8a25,2026-07-11 16:44:58.271514-06:00,,True,2026-07-11 16:44:58.271514-06:00
almafuentes.buyer@gmail.com,4122ce64-1b0f-4bc0-b0e5-bf6978fc1f81,"Recibimos tu solicitud de compra — Finca de 322.4m² en San José, San José",purchase_received,purchase_request,6dee67fd-fcf1-463f-9ad9-36cb4b26d1bd,2026-07-10 16:44:58.271517-06:00,,True,2026-07-10 16:44:58.271517-06:00
pacíficorealty.ventas@gmail.com,c522fc00-ebb4-439d-ab2b-c14b958d145b,"Nueva solicitud de compra recibida — Finca de 322.4m² en San José, San José",agency_new_request,purchase_request,6dee67fd-fcf1-463f-9ad9-36cb4b26d1bd,2026-06-24 16:44:58.271519-06:00,,True,2026-06-24 16:44:58.271519-06:00
almafuentes.buyer@gmail.com,4122ce64-1b0f-4bc0-b0e5-bf6978fc1f81,"¡Buenas noticias! Tu solicitud fue aceptada — Finca de 322.4m² en San José, San José",purchase_accepted,purchase_request,6dee67fd-fcf1-463f-9ad9-36cb4b26d1bd,2026-07-09 16:44:58.271521-06:00,,True,2026-07-09 16:44:58.271521-06:00
reynaldojaramillo.buyer@gmail.com,56de9961-d090-4e08-9900-b69f2e2bdc1b,"Recibimos tu solicitud de compra — Apartamento ejecutivo en Liberia Centro, piso 26",purchase_received,purchase_request,e4d4fa77-7936-4990-8384-d60f01652ff0,2026-07-11 16:44:58.271523-06:00,,True,2026-07-11 16:44:58.271523-06:00
concretusdesarrollos.ventas@gmail.com,6886adbc-deaf-4cdf-8204-6f552c628891,"Nueva solicitud de compra recibida — Apartamento ejecutivo en Liberia Centro, piso 26",agency_new_request,purchase_request,e4d4fa77-7936-4990-8384-d60f01652ff0,2026-06-30 16:44:58.271525-06:00,,True,2026-06-30 16:44:58.271525-06:00
hernánharo.buyer@gmail.com,61af2084-94e6-483d-b446-3f18547e9ea3,Recibimos tu solicitud de compra — Casa de campo con jardín en La Unión,purchase_received,purchase_request,c56bb2eb-40b2-4b03-b23d-3d221467a780,2026-06-22 16:44:58.271528-06:00,,True,2026-06-22 16:44:58.271528-06:00
pacíficorealty.ventas@gmail.com,c522fc00-ebb4-439d-ab2b-c14b958d145b,Nueva solicitud de compra recibida — Casa de campo con jardín en La Unión,agency_new_request,purchase_request,c56bb2eb-40b2-4b03-b23d-3d221467a780,2026-06-19 16:44:58.271530-06:00,,True,2026-06-19 16:44:58.271530-06:00
lucíaavilés.buyer@gmail.com,663b8db8-a7e1-41a0-84e8-814f68f4f37a,Recibimos tu solicitud de compra — Casa familiar con piscina en Flamingo,purchase_received,purchase_request,ff4dcb53-46f0-44b4-b541-7517d5ce3cd1,2026-07-01 16:44:58.271533-06:00,,True,2026-07-01 16:44:58.271533-06:00
valleverdepropiedades.ventas@gmail.com,4805f37f-95d5-45fb-b201-99e2a734bd9e,Nueva solicitud de compra recibida — Casa familiar con piscina en Flamingo,agency_new_request,purchase_request,ff4dcb53-46f0-44b4-b541-7517d5ce3cd1,2026-07-09 16:44:58.271534-06:00,,True,2026-07-09 16:44:58.271534-06:00
lucíaavilés.buyer@gmail.com,663b8db8-a7e1-41a0-84e8-814f68f4f37a,¡Buenas noticias! Tu solicitud fue aceptada — Casa familiar con piscina en Flamingo,purchase_accepted,purchase_request,ff4dcb53-46f0-44b4-b541-7517d5ce3cd1,2026-07-08 16:44:58.271537-06:00,,True,2026-07-08 16:44:58.271537-06:00
raquelescalante.buyer@gmail.com,05ca9e28-bb45-4d0e-a2b2-db233c675dff,"Recibimos tu solicitud de compra — Apartamento ejecutivo en Puerto Limón, piso 23",purchase_received,purchase_request,464e20ed-1531-4edc-a1e8-de6cb68d0918,2026-07-05 16:44:58.271539-06:00,,True,2026-07-05 16:44:58.271539-06:00
crhomes.ventas@gmail.com,96efd4d2-e8c2-40a3-89fa-7e6eda53c9e2,"Nueva solicitud de compra recibida — Apartamento ejecutivo en Puerto Limón, piso 23",agency_new_request,purchase_request,464e20ed-1531-4edc-a1e8-de6cb68d0918,2026-07-09 16:44:58.271541-06:00,,True,2026-07-09 16:44:58.271541-06:00
raquelescalante.buyer@gmail.com,05ca9e28-bb45-4d0e-a2b2-db233c675dff,"Actualización sobre tu solicitud — Apartamento ejecutivo en Puerto Limón, piso 23",purchase_rejected,purchase_request,464e20ed-1531-4edc-a1e8-de6cb68d0918,2026-07-10 16:44:58.271543-06:00,,True,2026-07-10 16:44:58.271543-06:00
caridadmares.buyer@gmail.com,9bbe2275-2ab9-445d-a97a-7c5b6c7acd3d,"Recibimos tu solicitud de compra — Residencia de lujo en San José, San José",purchase_received,purchase_request,0f19abd1-dfba-4e6a-a219-ac3f8540447e,2026-06-20 16:44:58.271545-06:00,,True,2026-06-20 16:44:58.271545-06:00
soleilpropiedades.ventas@gmail.com,42df8c3e-05fb-49ee-9c6d-dd3884dd8915,"Nueva solicitud de compra recibida — Residencia de lujo en San José, San José",agency_new_request,purchase_request,0f19abd1-dfba-4e6a-a219-ac3f8540447e,2026-07-08 16:44:58.271547-06:00,,True,2026-07-08 16:44:58.271547-06:00
liliaolivera.buyer@gmail.com,2ec5bf84-2777-4d0c-a1d5-145ab4e66288,"Recibimos tu solicitud de compra — Hermosa casa en condominio privado, Desamparados Centro",purchase_received,purchase_request,61868425-76c5-4e9b-b161-002c9e2a9597,2026-06-28 16:44:58.271550-06:00,,True,2026-06-28 16:44:58.271550-06:00
terrahogar.ventas@gmail.com,5c9ded7e-bd44-43d4-9d4c-4172aa3ea492,"Nueva solicitud de compra recibida — Hermosa casa en condominio privado, Desamparados Centro",agency_new_request,purchase_request,61868425-76c5-4e9b-b161-002c9e2a9597,2026-06-30 16:44:58.271552-06:00,,True,2026-06-30 16:44:58.271552-06:00
liliaolivera.buyer@gmail.com,2ec5bf84-2777-4d0c-a1d5-145ab4e66288,"¡Buenas noticias! Tu solicitud fue aceptada — Hermosa casa en condominio privado, Desamparados Centro",purchase_accepted,purchase_request,61868425-76c5-4e9b-b161-002c9e2a9597,2026-07-11 16:44:58.271554-06:00,,True,2026-07-11 16:44:58.271554-06:00
isabelprieto.buyer@gmail.com,2efbbc16-b02f-487b-b6e6-371789daac81,Recibimos tu solicitud de compra — Apto de 4 habitaciones en San José,purchase_received,purchase_request,372ef7ed-fa06-4570-875c-8d064903b202,2026-06-24 16:44:58.271556-06:00,,True,2026-06-24 16:44:58.271556-06:00
concretusdesarrollos.ventas@gmail.com,6886adbc-deaf-4cdf-8204-6f552c628891,Nueva solicitud de compra recibida — Apto de 4 habitaciones en San José,agency_new_request,purchase_request,372ef7ed-fa06-4570-875c-8d064903b202,2026-07-02 16:44:58.271558-06:00,,True,2026-07-02 16:44:58.271558-06:00
isabelprieto.buyer@gmail.com,2efbbc16-b02f-487b-b6e6-371789daac81,Actualización sobre tu solicitud — Apto de 4 habitaciones en San José,purchase_rejected,purchase_request,372ef7ed-fa06-4570-875c-8d064903b202,2026-07-07 16:44:58.271560-06:00,,True,2026-07-07 16:44:58.271560-06:00
jacintozúñiga.buyer@gmail.com,fd1a4d85-4cac-4ee7-8ff5-2b6e08af64d2,"Recibimos tu solicitud de compra — Local comercial en Escazú, alto tráfico",purchase_received,purchase_request,dfcadff5-d49b-4e50-a707-bf63da81d640,2026-06-25 16:44:58.271562-06:00,,True,2026-06-25 16:44:58.271562-06:00
costaliving.ventas@gmail.com,4b03c34a-2ec7-42e8-a496-8763f64b8bda,"Nueva solicitud de compra recibida — Local comercial en Escazú, alto tráfico",agency_new_request,purchase_request,dfcadff5-d49b-4e50-a707-bf63da81d640,2026-07-01 16:44:58.271564-06:00,,True,2026-07-01 16:44:58.271564-06:00
joaquínorellana.buyer@gmail.com,651a34a7-7b3b-4d1d-9858-3794c5902b27,"Recibimos tu solicitud de compra — Plaza comercial en Talamanca, Limón",purchase_received,purchase_request,3de3ec4c-1ca7-4418-885a-e31b3e5cb568,2026-07-08 16:44:58.271567-06:00,,True,2026-07-08 16:44:58.271567-06:00
terrahogar.ventas@gmail.com,5c9ded7e-bd44-43d4-9d4c-4172aa3ea492,"Nueva solicitud de compra recibida — Plaza comercial en Talamanca, Limón",agency_new_request,purchase_request,3de3ec4c-1ca7-4418-885a-e31b3e5cb568,2026-06-28 16:44:58.271568-06:00,,True,2026-06-28 16:44:58.271568-06:00
gonzaloreynoso.buyer@gmail.com,47d6ec26-c79e-435c-8eac-865573b2ac78,Recibimos tu solicitud de compra — Apartamento moderno con balcón en Sabana Norte,purchase_received,purchase_request,18690015-92dd-462d-b6da-a67c8f7305bb,2026-07-01 16:44:58.271571-06:00,,True,2026-07-01 16:44:58.271571-06:00
concretusdesarrollos.ventas@gmail.com,6886adbc-deaf-4cdf-8204-6f552c628891,Nueva solicitud de compra recibida — Apartamento moderno con balcón en Sabana Norte,agency_new_request,purchase_request,18690015-92dd-462d-b6da-a67c8f7305bb,2026-07-03 16:44:58.271573-06:00,,True,2026-07-03 16:44:58.271573-06:00
gonzaloreynoso.buyer@gmail.com,47d6ec26-c79e-435c-8eac-865573b2ac78,¡Buenas noticias! Tu solicitud fue aceptada — Apartamento moderno con balcón en Sabana Norte,purchase_accepted,purchase_request,18690015-92dd-462d-b6da-a67c8f7305bb,2026-07-10 16:44:58.271575-06:00,,True,2026-07-10 16:44:58.271575-06:00
analuisasánchez.buyer@gmail.com,e5e226d9-0d40-49cb-9ef1-b3afe1b53676,Recibimos tu solicitud de compra — Casa familiar con piscina en Puerto Jiménez,purchase_received,purchase_request,ef0aac01-42bb-49ec-a651-2cb74dc3c5fa,2026-07-09 16:44:58.271577-06:00,,True,2026-07-09 16:44:58.271577-06:00
soleilpropiedades.ventas@gmail.com,42df8c3e-05fb-49ee-9c6d-dd3884dd8915,Nueva solicitud de compra recibida — Casa familiar con piscina en Puerto Jiménez,agency_new_request,purchase_request,ef0aac01-42bb-49ec-a651-2cb74dc3c5fa,2026-06-30 16:44:58.271579-06:00,,True,2026-06-30 16:44:58.271579-06:00
analuisasánchez.buyer@gmail.com,e5e226d9-0d40-49cb-9ef1-b3afe1b53676,¡Buenas noticias! Tu solicitud fue aceptada — Casa familiar con piscina en Puerto Jiménez,purchase_accepted,purchase_request,ef0aac01-42bb-49ec-a651-2cb74dc3c5fa,2026-07-10 16:44:58.271581-06:00,,True,2026-07-10 16:44:58.271581-06:00
ángelatamayo.buyer@gmail.com,866af491-931b-4e53-8baa-f593940af44a,"Recibimos tu solicitud de compra — Casa de 3 habitaciones en Santo Domingo, Heredia",purchase_received,purchase_request,8b3c17e2-7d94-48da-958c-50f87f358a4d,2026-07-06 16:44:58.271583-06:00,,True,2026-07-06 16:44:58.271583-06:00
grupoaltamira.ventas@gmail.com,f45525cf-17b3-4d3c-87a5-d103d781cf92,"Nueva solicitud de compra recibida — Casa de 3 habitaciones en Santo Domingo, Heredia",agency_new_request,purchase_request,8b3c17e2-7d94-48da-958c-50f87f358a4d,2026-07-07 16:44:58.271585-06:00,,True,2026-07-07 16:44:58.271585-06:00
analuisasánchez.buyer@gmail.com,e5e226d9-0d40-49cb-9ef1-b3afe1b53676,Recibimos tu solicitud de compra — Terreno con vista al mar en Osa,purchase_received,purchase_request,64aa691d-3334-44f8-9668-87982f1d79b8,2026-07-11 16:44:58.271593-06:00,,True,2026-07-11 16:44:58.271593-06:00
grupoaltamira.ventas@gmail.com,f45525cf-17b3-4d3c-87a5-d103d781cf92,Nueva solicitud de compra recibida — Terreno con vista al mar en Osa,agency_new_request,purchase_request,64aa691d-3334-44f8-9668-87982f1d79b8,2026-07-10 16:44:58.271597-06:00,,True,2026-07-10 16:44:58.271597-06:00
paulinamireles.buyer@gmail.com,1a2c3cfa-5878-4620-b2ba-00a5d0864806,Recibimos tu solicitud de compra — Condominio Mar Azul — Unidad B-260,purchase_received,purchase_request,86c8446e-450f-4114-8342-939b4aea0281,2026-06-26 16:44:58.271601-06:00,,True,2026-06-26 16:44:58.271601-06:00
valleverdepropiedades.ventas@gmail.com,4805f37f-95d5-45fb-b201-99e2a734bd9e,Nueva solicitud de compra recibida — Condominio Mar Azul — Unidad B-260,agency_new_request,purchase_request,86c8446e-450f-4114-8342-939b4aea0281,2026-06-29 16:44:58.271605-06:00,,True,2026-06-29 16:44:58.271605-06:00
paulinamireles.buyer@gmail.com,1a2c3cfa-5878-4620-b2ba-00a5d0864806,¡Buenas noticias! Tu solicitud fue aceptada — Condominio Mar Azul — Unidad B-260,purchase_accepted,purchase_request,86c8446e-450f-4114-8342-939b4aea0281,,SMTP connection timeout,False,2026-07-10 16:44:58.271607-06:00
davidbenavídez.buyer@gmail.com,6d323590-f99e-4a0f-a9f3-30f82bf63721,Recibimos tu solicitud de compra — Lote residencial de 4341.25m² en Puerto Viejo de Talamanca,purchase_received,purchase_request,cb8012d8-831d-449e-bac9-df31d0179c89,2026-06-04 16:44:58.271609-06:00,,True,2026-06-04 16:44:58.271609-06:00
concretusdesarrollos.ventas@gmail.com,6886adbc-deaf-4cdf-8204-6f552c628891,Nueva solicitud de compra recibida — Lote residencial de 4341.25m² en Puerto Viejo de Talamanca,agency_new_request,purchase_request,cb8012d8-831d-449e-bac9-df31d0179c89,2026-07-07 16:44:58.271611-06:00,,True,2026-07-07 16:44:58.271611-06:00
davidbenavídez.buyer@gmail.com,6d323590-f99e-4a0f-a9f3-30f82bf63721,Actualización sobre tu solicitud — Lote residencial de 4341.25m² en Puerto Viejo de Talamanca,purchase_rejected,purchase_request,cb8012d8-831d-449e-bac9-df31d0179c89,2026-07-06 16:44:58.271613-06:00,,True,2026-07-06 16:44:58.271613-06:00
violetacaldera.buyer@gmail.com,ddb83635-ff56-4d1b-9437-22acffd0ae8b,Recibimos tu solicitud de compra — Casa moderna en Puerto Viejo de Talamanca con vista a la montaña,purchase_received,purchase_request,a9952e8f-a7e8-4094-8db8-be32f279f325,2026-07-09 16:44:58.271616-06:00,,True,2026-07-09 16:44:58.271616-06:00
costaliving.ventas@gmail.com,4b03c34a-2ec7-42e8-a496-8763f64b8bda,Nueva solicitud de compra recibida — Casa moderna en Puerto Viejo de Talamanca con vista a la montaña,agency_new_request,purchase_request,a9952e8f-a7e8-4094-8db8-be32f279f325,2026-07-02 16:44:58.271618-06:00,,True,2026-07-02 16:44:58.271618-06:00
violetacaldera.buyer@gmail.com,ddb83635-ff56-4d1b-9437-22acffd0ae8b,¡Buenas noticias! Tu solicitud fue aceptada — Casa moderna en Puerto Viejo de Talamanca con vista a la montaña,purchase_accepted,purchase_request,a9952e8f-a7e8-4094-8db8-be32f279f325,2026-07-08 16:44:58.271620-06:00,,True,2026-07-08 16:44:58.271620-06:00
isabelprieto.buyer@gmail.com,2efbbc16-b02f-487b-b6e6-371789daac81,Recibimos tu solicitud de compra — Oficina ejecutiva en Puerto Viejo de Talamanca,purchase_received,purchase_request,dde41c04-12a2-4b3e-8a7c-7e318cf56469,2026-06-22 16:44:58.271622-06:00,,True,2026-06-22 16:44:58.271622-06:00
terrahogar.ventas@gmail.com,5c9ded7e-bd44-43d4-9d4c-4172aa3ea492,Nueva solicitud de compra recibida — Oficina ejecutiva en Puerto Viejo de Talamanca,agency_new_request,purchase_request,dde41c04-12a2-4b3e-8a7c-7e318cf56469,2026-06-27 16:44:58.271624-06:00,,True,2026-06-27 16:44:58.271624-06:00
brunoblanco.buyer@gmail.com,2c7d79d1-acf0-4dc0-abba-d633d58b994e,Recibimos tu solicitud de compra — Penthouse en Desamparados con vista panorámica,purchase_received,purchase_request,d5a39877-bcb2-40b8-b0d9-9c29b07fe0e3,2026-06-27 16:44:58.271627-06:00,,True,2026-06-27 16:44:58.271627-06:00
costaliving.ventas@gmail.com,4b03c34a-2ec7-42e8-a496-8763f64b8bda,Nueva solicitud de compra recibida — Penthouse en Desamparados con vista panorámica,agency_new_request,purchase_request,d5a39877-bcb2-40b8-b0d9-9c29b07fe0e3,2026-07-05 16:44:58.271628-06:00,,True,2026-07-05 16:44:58.271628-06:00
brunoblanco.buyer@gmail.com,2c7d79d1-acf0-4dc0-abba-d633d58b994e,¡Buenas noticias! Tu solicitud fue aceptada — Penthouse en Desamparados con vista panorámica,purchase_accepted,purchase_request,d5a39877-bcb2-40b8-b0d9-9c29b07fe0e3,2026-07-07 16:44:58.271631-06:00,,True,2026-07-07 16:44:58.271631-06:00
marcelavillagómez.buyer@gmail.com,ee8426dc-7735-4792-917f-dcfe20cf7a9f,"Recibimos tu solicitud de compra — Lote plano en urbanización, Liberia Centro",purchase_received,purchase_request,edeb9952-6881-4d2b-82e2-398879ee828c,2026-06-25 16:44:58.271633-06:00,,True,2026-06-25 16:44:58.271633-06:00
soleilpropiedades.ventas@gmail.com,42df8c3e-05fb-49ee-9c6d-dd3884dd8915,"Nueva solicitud de compra recibida — Lote plano en urbanización, Liberia Centro",agency_new_request,purchase_request,edeb9952-6881-4d2b-82e2-398879ee828c,2026-07-09 16:44:58.271637-06:00,,True,2026-07-09 16:44:58.271637-06:00
marcelavillagómez.buyer@gmail.com,ee8426dc-7735-4792-917f-dcfe20cf7a9f,"¡Buenas noticias! Tu solicitud fue aceptada — Lote plano en urbanización, Liberia Centro",purchase_accepted,purchase_request,edeb9952-6881-4d2b-82e2-398879ee828c,2026-07-02 16:44:58.271639-06:00,,True,2026-07-02 16:44:58.271639-06:00
almafuentes.buyer@gmail.com,4122ce64-1b0f-4bc0-b0e5-bf6978fc1f81,Recibimos tu solicitud de compra — Apartamento moderno con balcón en Sabana Norte,purchase_received,purchase_request,a4bf1d43-78c1-442a-b8b0-1b2aa7fc8f1d,2026-07-01 16:44:58.271641-06:00,,True,2026-07-01 16:44:58.271641-06:00
soleilpropiedades.ventas@gmail.com,42df8c3e-05fb-49ee-9c6d-dd3884dd8915,Nueva solicitud de compra recibida — Apartamento moderno con balcón en Sabana Norte,agency_new_request,purchase_request,a4bf1d43-78c1-442a-b8b0-1b2aa7fc8f1d,2026-06-29 16:44:58.271643-06:00,,True,2026-06-29 16:44:58.271643-06:00
almafuentes.buyer@gmail.com,4122ce64-1b0f-4bc0-b0e5-bf6978fc1f81,¡Buenas noticias! Tu solicitud fue aceptada — Apartamento moderno con balcón en Sabana Norte,purchase_accepted,purchase_request,a4bf1d43-78c1-442a-b8b0-1b2aa7fc8f1d,2026-07-05 16:44:58.271645-06:00,,True,2026-07-05 16:44:58.271645-06:00
pedrosalcido.buyer@gmail.com,043ec065-1baf-4e97-8c97-3122fe40c3b4,Recibimos tu solicitud de compra — Condo de 4 habitaciones en Puntarenas Centro,purchase_received,purchase_request,98971d08-711b-43d3-b323-d6b598488614,2026-07-10 16:44:58.271648-06:00,,True,2026-07-10 16:44:58.271648-06:00
terrahogar.ventas@gmail.com,5c9ded7e-bd44-43d4-9d4c-4172aa3ea492,Nueva solicitud de compra recibida — Condo de 4 habitaciones en Puntarenas Centro,agency_new_request,purchase_request,98971d08-711b-43d3-b323-d6b598488614,2026-06-15 16:44:58.271650-06:00,,True,2026-06-15 16:44:58.271650-06:00
pedrosalcido.buyer@gmail.com,043ec065-1baf-4e97-8c97-3122fe40c3b4,Actualización sobre tu solicitud — Condo de 4 habitaciones en Puntarenas Centro,purchase_rejected,purchase_request,98971d08-711b-43d3-b323-d6b598488614,2026-07-09 16:44:58.271652-06:00,,True,2026-07-09 16:44:58.271652-06:00
estelacervantes.buyer@gmail.com,727a505a-3ad3-4aaa-979a-2c717ba05cde,Recibimos tu solicitud de compra — Apartamento moderno con balcón en Barva Centro,purchase_received,purchase_request,e1f9ee7f-36f7-44f3-a967-747deb5452c2,2026-06-07 16:44:58.271654-06:00,,True,2026-06-07 16:44:58.271654-06:00
costaliving.ventas@gmail.com,4b03c34a-2ec7-42e8-a496-8763f64b8bda,Nueva solicitud de compra recibida — Apartamento moderno con balcón en Barva Centro,agency_new_request,purchase_request,e1f9ee7f-36f7-44f3-a967-747deb5452c2,2026-05-27 16:44:58.271656-06:00,,True,2026-05-27 16:44:58.271656-06:00
isabelprieto.buyer@gmail.com,2efbbc16-b02f-487b-b6e6-371789daac81,"Recibimos tu solicitud de compra — Unidad en Condominio Privado, Osa",purchase_received,purchase_request,51bb3859-32d3-469b-a0e4-bd4930225898,2026-07-02 16:44:58.271659-06:00,,True,2026-07-02 16:44:58.271659-06:00
soleilpropiedades.ventas@gmail.com,42df8c3e-05fb-49ee-9c6d-dd3884dd8915,"Nueva solicitud de compra recibida — Unidad en Condominio Privado, Osa",agency_new_request,purchase_request,51bb3859-32d3-469b-a0e4-bd4930225898,2026-06-12 16:44:58.271660-06:00,,True,2026-06-12 16:44:58.271660-06:00
wilfridoescalante.buyer@gmail.com,f518c4d3-d550-4dd6-bea7-ae6985ad30a0,Recibimos tu solicitud de compra — Apto de 4 habitaciones en Santa Cruz,purchase_received,purchase_request,ea28333a-20cc-4c25-9798-163ca4808d21,2026-05-30 16:44:58.271663-06:00,,True,2026-05-30 16:44:58.271663-06:00
concretusdesarrollos.ventas@gmail.com,6886adbc-deaf-4cdf-8204-6f552c628891,Nueva solicitud de compra recibida — Apto de 4 habitaciones en Santa Cruz,agency_new_request,purchase_request,ea28333a-20cc-4c25-9798-163ca4808d21,2026-07-08 16:44:58.271665-06:00,,True,2026-07-08 16:44:58.271665-06:00
timoteomerino.buyer@gmail.com,51134ee3-f117-4baa-b2cf-a18f209c4a9d,Recibimos tu solicitud de compra — Condo de 2 habitaciones en Tres Ríos,purchase_received,purchase_request,f2dc9f90-a320-4618-baed-8910487355c2,2026-07-01 16:44:58.271667-06:00,,True,2026-07-01 16:44:58.271667-06:00
pacíficorealty.ventas@gmail.com,c522fc00-ebb4-439d-ab2b-c14b958d145b,Nueva solicitud de compra recibida — Condo de 2 habitaciones en Tres Ríos,agency_new_request,purchase_request,f2dc9f90-a320-4618-baed-8910487355c2,2026-06-28 16:44:58.271669-06:00,,True,2026-06-28 16:44:58.271669-06:00
reynaldojaramillo.buyer@gmail.com,56de9961-d090-4e08-9900-b69f2e2bdc1b,"Recibimos tu solicitud de compra — Condominio con amenidades completas, Sabana Norte",purchase_received,purchase_request,d47549ba-7b8e-4f21-bf07-ab61ca2e2b51,2026-06-28 16:44:58.271672-06:00,,True,2026-06-28 16:44:58.271672-06:00
soleilpropiedades.ventas@gmail.com,42df8c3e-05fb-49ee-9c6d-dd3884dd8915,"Nueva solicitud de compra recibida — Condominio con amenidades completas, Sabana Norte",agency_new_request,purchase_request,d47549ba-7b8e-4f21-bf07-ab61ca2e2b51,2026-07-01 16:44:58.271673-06:00,,True,2026-07-01 16:44:58.271673-06:00
reynaldojaramillo.buyer@gmail.com,56de9961-d090-4e08-9900-b69f2e2bdc1b,"¡Buenas noticias! Tu solicitud fue aceptada — Condominio con amenidades completas, Sabana Norte",purchase_accepted,purchase_request,d47549ba-7b8e-4f21-bf07-ab61ca2e2b51,2026-07-03 16:44:58.271676-06:00,,True,2026-07-03 16:44:58.271676-06:00
claralucio.buyer@gmail.com,04fcfbea-aabd-41af-9fcb-ee1905dae1c2,Recibimos tu solicitud de compra — Apto de 4 habitaciones en Pérez Zeledón,purchase_received,purchase_request,ff34faee-4ad8-4f1b-8082-82b02937a5ce,2026-07-09 16:44:58.271678-06:00,,True,2026-07-09 16:44:58.271678-06:00
soleilpropiedades.ventas@gmail.com,42df8c3e-05fb-49ee-9c6d-dd3884dd8915,Nueva solicitud de compra recibida — Apto de 4 habitaciones en Pérez Zeledón,agency_new_request,purchase_request,ff34faee-4ad8-4f1b-8082-82b02937a5ce,2026-07-01 16:44:58.271680-06:00,,True,2026-07-01 16:44:58.271680-06:00
cristobalpérez.buyer@gmail.com,29097ea7-9247-44a5-9ed2-15d5ef4a43bd,"Recibimos tu solicitud de compra — Local comercial en San Isidro de El General, alto tráfico",purchase_received,purchase_request,459540a0-9217-4963-b86d-208b18a81264,2026-06-19 16:44:58.271682-06:00,,True,2026-06-19 16:44:58.271682-06:00
soleilpropiedades.ventas@gmail.com,42df8c3e-05fb-49ee-9c6d-dd3884dd8915,"Nueva solicitud de compra recibida — Local comercial en San Isidro de El General, alto tráfico",agency_new_request,purchase_request,459540a0-9217-4963-b86d-208b18a81264,2026-07-10 16:44:58.271684-06:00,,True,2026-07-10 16:44:58.271684-06:00
cristobalpérez.buyer@gmail.com,29097ea7-9247-44a5-9ed2-15d5ef4a43bd,"Actualización sobre tu solicitud — Local comercial en San Isidro de El General, alto tráfico",purchase_rejected,purchase_request,459540a0-9217-4963-b86d-208b18a81264,2026-07-09 16:44:58.271686-06:00,,True,2026-07-09 16:44:58.271686-06:00
evamárquez.buyer@gmail.com,3f516892-96a1-4860-8457-81543df6405b,Recibimos tu solicitud de compra — Condominio Torres del Sol — Unidad C-121,purchase_received,purchase_request,2c63b682-458d-4b59-8274-17f1a2ac1f1b,2026-06-09 16:44:58.271688-06:00,,True,2026-06-09 16:44:58.271688-06:00
terrahogar.ventas@gmail.com,5c9ded7e-bd44-43d4-9d4c-4172aa3ea492,Nueva solicitud de compra recibida — Condominio Torres del Sol — Unidad C-121,agency_new_request,purchase_request,2c63b682-458d-4b59-8274-17f1a2ac1f1b,2026-06-16 16:44:58.271690-06:00,,True,2026-06-16 16:44:58.271690-06:00
evamárquez.buyer@gmail.com,3f516892-96a1-4860-8457-81543df6405b,¡Buenas noticias! Tu solicitud fue aceptada — Condominio Torres del Sol — Unidad C-121,purchase_accepted,purchase_request,2c63b682-458d-4b59-8274-17f1a2ac1f1b,2026-07-09 16:44:58.271692-06:00,,True,2026-07-09 16:44:58.271692-06:00
raquelescalante.buyer@gmail.com,05ca9e28-bb45-4d0e-a2b2-db233c675dff,Recibimos tu solicitud de compra — Casa moderna en Nosara con vista a la montaña,purchase_received,purchase_request,2b4fa50a-8c01-4974-8951-6960f651deaf,2026-06-27 16:44:58.271694-06:00,,True,2026-06-27 16:44:58.271694-06:00
grupoaltamira.ventas@gmail.com,f45525cf-17b3-4d3c-87a5-d103d781cf92,Nueva solicitud de compra recibida — Casa moderna en Nosara con vista a la montaña,agency_new_request,purchase_request,2b4fa50a-8c01-4974-8951-6960f651deaf,2026-06-02 16:44:58.271696-06:00,,True,2026-06-02 16:44:58.271696-06:00
