property_id,url,display_order
1b48ab82-2421-4e74-84bc-14a32c7cb862,https://picsum.photos/seed/1b48ab82-2421-4e74-84bc-14a32c7cb862-0/1200/800,0
1b48ab82-2421-4e74-84bc-14a32c7cb862,https://picsum.photos/seed/1b48ab82-2421-4e74-84bc-14a32c7cb862-1/1200/800,1
1b48ab82-2421-4e74-84bc-14a32c7cb862,https://picsum.photos/seed/1b48ab82-2421-4e74-84bc-14a32c7cb862-2/1200/800,2
1b48ab82-2421-4e74-84bc-14a32c7cb862,https://picsum.photos/seed/1b48ab82-2421-4e74-84bc-14a32c7cb862-3/1200/800,3
1b48ab82-2421-4e74-84bc-14a32c7cb862,https://picsum.photos/seed/1b48ab82-2421-4e74-84bc-14a32c7cb862-4/1200/800,4
1b48ab82-2421-4e74-84bc-14a32c7cb862,https://picsum.photos/seed/1b48ab82-2421-4e74-84bc-14a32c7cb862-5/1200/800,5
1b48ab82-2421-4e74-84bc-14a32c7cb862,https://picsum.photos/seed/1b48ab82-2421-4e74-84bc-14a32c7cb862-6/1200/800,6
1b48ab82-2421-4e74-84bc-14a32c7cb862,https://picsum.photos/seed/1b48ab82-2421-4e74-84bc-14a32c7cb862-7/1200/800,7
0c9bb8f3-5e02-48b3-bbeb-51c4dda08da0,https://picsum.photos/seed/0c9bb8f3-5e02-48b3-bbeb-51c4dda08da0-0/1200/800,0
0c9bb8f3-5e02-48b3-bbeb-51c4dda08da0,https://picsum.photos/seed/0c9bb8f3-5e02-48b3-bbeb-51c4dda08da0-1/1200/800,1
0c9bb8f3-5e02-48b3-bbeb-51c4dda08da0,https://picsum.photos/seed/0c9bb8f3-5e02-48b3-bbeb-51c4dda08da0-2/1200/800,2
0c9bb8f3-5e02-48b3-bbeb-51c4dda08da0,https://picsum.photos/seed/0c9bb8f3-5e02-48b3-bbeb-51c4dda08da0-3/1200/800,3
0c9bb8f3-5e02-48b3-bbeb-51c4dda08da0,https://picsum.photos/seed/0c9bb8f3-5e02-48b3-bbeb-51c4dda08da0-4/1200/800,4
0c9bb8f3-5e02-48b3-bbeb-51c4dda08da0,https://picsum.photos/seed/0c9bb8f3-5e02-48b3-bbeb-51c4dda08da0-5/1200/800,5
0c9bb8f3-5e02-48b3-bbeb-51c4dda08da0,https://picsum.photos/seed/0c9bb8f3-5e02-48b3-bbeb-51c4dda08da0-6/1200/800,6
0c9bb8f3-5e02-48b3-bbeb-51c4dda08da0,https://picsum.photos/seed/0c9bb8f3-5e02-48b3-bbeb-51c4dda08da0-7/1200/800,7
0c9bb8f3-5e02-48b3-bbeb-51c4dda08da0,https://picsum.photos/seed/0c9bb8f3-5e02-48b3-bbeb-51c4dda08da0-8/1200/800,8
0c9bb8f3-5e02-48b3-bbeb-51c4dda08da0,https://picsum.photos/seed/0c9bb8f3-5e02-48b3-bbeb-51c4dda08da0-9/1200/800,9
0c9bb8f3-5e02-48b3-bbeb-51c4dda08da0,https://picsum.photos/seed/0c9bb8f3-5e02-48b3-bbeb-51c4dda08da0-10/1200/800,10
0c9bb8f3-5e02-48b3-bbeb-51c4dda08da0,https://picsum.photos/seed/0c9bb8f3-5e02-48b3-bbeb-51c4dda08da0-11/1200/800,11
0c9bb8f3-5e02-48b3-bbeb-51c4dda08da0,https://picsum.photos/seed/0c9bb8f3-5e02-48b3-bbeb-51c4dda08da0-12/1200/800,12
0c9bb8f3-5e02-48b3-bbeb-51c4dda08da0,https://picsum.photos/seed/0c9bb8f3-5e02-48b3-bbeb-51c4dda08da0-13/1200/800,13
0e364f98-6298-4d06-852f-9d5bac524a44,https://picsum.photos/seed/0e364f98-6298-4d06-852f-9d5bac524a44-0/1200/800,0
0e364f98-6298-4d06-852f-9d5bac524a44,https://picsum.photos/seed/0e364f98-6298-4d06-852f-9d5bac524a44-1/1200/800,1
0e364f98-6298-4d06-852f-9d5bac524a44,https://picsum.photos/seed/0e364f98-6298-4d06-852f-9d5bac524a44-2/1200/800,2
0e364f98-6298-4d06-852f-9d5bac524a44,https://picsum.photos/seed/0e364f98-6298-4d06-852f-9d5bac524a44-3/1200/800,3
0e364f98-6298-4d06-852f-9d5bac524a44,https://picsum.photos/seed/0e364f98-6298-4d06-852f-9d5bac524a44-4/1200/800,4
0e364f98-6298-4d06-852f-9d5bac524a44,https://picsum.photos/seed/0e364f98-6298-4d06-852f-9d5bac524a44-5/1200/800,5
0e364f98-6298-4d06-852f-9d5bac524a44,https://picsum.photos/seed/0e364f98-6298-4d06-852f-9d5bac524a44-6/1200/800,6
0e364f98-6298-4d06-852f-9d5bac524a44,https://picsum.photos/seed/0e364f98-6298-4d06-852f-9d5bac524a44-7/1200/800,7
0e364f98-6298-4d06-852f-9d5bac524a44,https://picsum.photos/seed/0e364f98-6298-4d06-852f-9d5bac524a44-8/1200/800,8
0e364f98-6298-4d06-852f-9d5bac524a44,https://picsum.photos/seed/0e364f98-6298-4d06-852f-9d5bac524a44-9/1200/800,9
0e364f98-6298-4d06-852f-9d5bac524a44,https://picsum.photos/seed/0e364f98-6298-4d06-852f-9d5bac524a44-10/1200/800,10
0e364f98-6298-4d06-852f-9d5bac524a44,https://picsum.photos/seed/0e364f98-6298-4d06-852f-9d5bac524a44-11/1200/800,11
0e364f98-6298-4d06-852f-9d5bac524a44,https://picsum.photos/seed/0e364f98-6298-4d06-852f-9d5bac524a44-12/1200/800,12
e3a4a6ed-b51c-4311-ac58-d0240e6b94e5,https://picsum.photos/seed/e3a4a6ed-b51c-4311-ac58-d0240e6b94e5-0/1200/800,0
e3a4a6ed-b51c-4311-ac58-d0240e6b94e5,https://picsum.photos/seed/e3a4a6ed-b51c-4311-ac58-d0240e6b94e5-1/1200/800,1
e3a4a6ed-b51c-4311-ac58-d0240e6b94e5,https://picsum.photos/seed/e3a4a6ed-b51c-4311-ac58-d0240e6b94e5-2/1200/800,2
e3a4a6ed-b51c-4311-ac58-d0240e6b94e5,https://picsum.photos/seed/e3a4a6ed-b51c-4311-ac58-d0240e6b94e5-3/1200/800,3
e3a4a6ed-b51c-4311-ac58-d0240e6b94e5,https://picsum.photos/seed/e3a4a6ed-b51c-4311-ac58-d0240e6b94e5-4/1200/800,4
e3a4a6ed-b51c-4311-ac58-d0240e6b94e5,https://picsum.photos/seed/e3a4a6ed-b51c-4311-ac58-d0240e6b94e5-5/1200/800,5
e3a4a6ed-b51c-4311-ac58-d0240e6b94e5,https://picsum.photos/seed/e3a4a6ed-b51c-4311-ac58-d0240e6b94e5-6/1200/800,6
e3a4a6ed-b51c-4311-ac58-d0240e6b94e5,https://picsum.photos/seed/e3a4a6ed-b51c-4311-ac58-d0240e6b94e5-7/1200/800,7
e3a4a6ed-b51c-4311-ac58-d0240e6b94e5,https://picsum.photos/seed/e3a4a6ed-b51c-4311-ac58-d0240e6b94e5-8/1200/800,8
e3a4a6ed-b51c-4311-ac58-d0240e6b94e5,https://picsum.photos/seed/e3a4a6ed-b51c-4311-ac58-d0240e6b94e5-9/1200/800,9
e3a4a6ed-b51c-4311-ac58-d0240e6b94e5,https://picsum.photos/seed/e3a4a6ed-b51c-4311-ac58-d0240e6b94e5-10/1200/800,10
e3a4a6ed-b51c-4311-ac58-d0240e6b94e5,https://picsum.photos/seed/e3a4a6ed-b51c-4311-ac58-d0240e6b94e5-11/1200/800,11
e3a4a6ed-b51c-4311-ac58-d0240e6b94e5,https://picsum.photos/seed/e3a4a6ed-b51c-4311-ac58-d0240e6b94e5-12/1200/800,12
3b3b990a-a004-477c-8e84-3c47ef47c7a9,https://picsum.photos/seed/3b3b990a-a004-477c-8e84-3c47ef47c7a9-0/1200/800,0
3b3b990a-a004-477c-8e84-3c47ef47c7a9,https://picsum.photos/seed/3b3b990a-a004-477c-8e84-3c47ef47c7a9-1/1200/800,1
3b3b990a-a004-477c-8e84-3c47ef47c7a9,https://picsum.photos/seed/3b3b990a-a004-477c-8e84-3c47ef47c7a9-2/1200/800,2
3b3b990a-a004-477c-8e84-3c47ef47c7a9,https://picsum.photos/seed/3b3b990a-a004-477c-8e84-3c47ef47c7a9-3/1200/800,3
3b3b990a-a004-477c-8e84-3c47ef47c7a9,https://picsum.photos/seed/3b3b990a-a004-477c-8e84-3c47ef47c7a9-4/1200/800,4
3b3b990a-a004-477c-8e84-3c47ef47c7a9,https://picsum.photos/seed/3b3b990a-a004-477c-8e84-3c47ef47c7a9-5/1200/800,5
3b3b990a-a004-477c-8e84-3c47ef47c7a9,https://picsum.photos/seed/3b3b990a-a004-477c-8e84-3c47ef47c7a9-6/1200/800,6
3b3b990a-a004-477c-8e84-3c47ef47c7a9,https://picsum.photos/seed/3b3b990a-a004-477c-8e84-3c47ef47c7a9-7/1200/800,7
3b3b990a-a004-477c-8e84-3c47ef47c7a9,https://picsum.photos/seed/3b3b990a-a004-477c-8e84-3c47ef47c7a9-8/1200/800,8
3b3b990a-a004-477c-8e84-3c47ef47c7a9,https://picsum.photos/seed/3b3b990a-a004-477c-8e84-3c47ef47c7a9-9/1200/800,9
3b3b990a-a004-477c-8e84-3c47ef47c7a9,https://picsum.photos/seed/3b3b990a-a004-477c-8e84-3c47ef47c7a9-10/1200/800,10
3b3b990a-a004-477c-8e84-3c47ef47c7a9,https://picsum.photos/seed/3b3b990a-a004-477c-8e84-3c47ef47c7a9-11/1200/800,11
3b3b990a-a004-477c-8e84-3c47ef47c7a9,https://picsum.photos/seed/3b3b990a-a004-477c-8e84-3c47ef47c7a9-12/1200/800,12
3b3b990a-a004-477c-8e84-3c47ef47c7a9,https://picsum.photos/seed/3b3b990a-a004-477c-8e84-3c47ef47c7a9-13/1200/800,13
3b3b990a-a004-477c-8e84-3c47ef47c7a9,https://picsum.photos/seed/3b3b990a-a004-477c-8e84-3c47ef47c7a9-14/1200/800,14
102a8a89-ef5d-4657-bff6-84c3dbe59e54,https://picsum.photos/seed/102a8a89-ef5d-4657-bff6-84c3dbe59e54-0/1200/800,0
102a8a89-ef5d-4657-bff6-84c3dbe59e54,https://picsum.photos/seed/102a8a89-ef5d-4657-bff6-84c3dbe59e54-1/1200/800,1
102a8a89-ef5d-4657-bff6-84c3dbe59e54,https://picsum.photos/seed/102a8a89-ef5d-4657-bff6-84c3dbe59e54-2/1200/800,2
102a8a89-ef5d-4657-bff6-84c3dbe59e54,https://picsum.photos/seed/102a8a89-ef5d-4657-bff6-84c3dbe59e54-3/1200/800,3
102a8a89-ef5d-4657-bff6-84c3dbe59e54,https://picsum.photos/seed/102a8a89-ef5d-4657-bff6-84c3dbe59e54-4/1200/800,4
102a8a89-ef5d-4657-bff6-84c3dbe59e54,https://picsum.photos/seed/102a8a89-ef5d-4657-bff6-84c3dbe59e54-5/1200/800,5
102a8a89-ef5d-4657-bff6-84c3dbe59e54,https://picsum.photos/seed/102a8a89-ef5d-4657-bff6-84c3dbe59e54-6/1200/800,6
bd186db5-777c-423f-a175-88ef04b6040f,https://picsum.photos/seed/bd186db5-777c-423f-a175-88ef04b6040f-0/1200/800,0
bd186db5-777c-423f-a175-88ef04b6040f,https://picsum.photos/seed/bd186db5-777c-423f-a175-88ef04b6040f-1/1200/800,1
bd186db5-777c-423f-a175-88ef04b6040f,https://picsum.photos/seed/bd186db5-777c-423f-a175-88ef04b6040f-2/1200/800,2
bd186db5-777c-423f-a175-88ef04b6040f,https://picsum.photos/seed/bd186db5-777c-423f-a175-88ef04b6040f-3/1200/800,3
bd186db5-777c-423f-a175-88ef04b6040f,https://picsum.photos/seed/bd186db5-777c-423f-a175-88ef04b6040f-4/1200/800,4
96fdc65f-3100-4160-beb0-42eda765e494,https://picsum.photos/seed/96fdc65f-3100-4160-beb0-42eda765e494-0/1200/800,0
96fdc65f-3100-4160-beb0-42eda765e494,https://picsum.photos/seed/96fdc65f-3100-4160-beb0-42eda765e494-1/1200/800,1
96fdc65f-3100-4160-beb0-42eda765e494,https://picsum.photos/seed/96fdc65f-3100-4160-beb0-42eda765e494-2/1200/800,2
96fdc65f-3100-4160-beb0-42eda765e494,https://picsum.photos/seed/96fdc65f-3100-4160-beb0-42eda765e494-3/1200/800,3
96fdc65f-3100-4160-beb0-42eda765e494,https://picsum.photos/seed/96fdc65f-3100-4160-beb0-42eda765e494-4/1200/800,4
96fdc65f-3100-4160-beb0-42eda765e494,https://picsum.photos/seed/96fdc65f-3100-4160-beb0-42eda765e494-5/1200/800,5
96fdc65f-3100-4160-beb0-42eda765e494,https://picsum.photos/seed/96fdc65f-3100-4160-beb0-42eda765e494-6/1200/800,6
96fdc65f-3100-4160-beb0-42eda765e494,https://picsum.photos/seed/96fdc65f-3100-4160-beb0-42eda765e494-7/1200/800,7
96fdc65f-3100-4160-beb0-42eda765e494,https://picsum.photos/seed/96fdc65f-3100-4160-beb0-42eda765e494-8/1200/800,8
96fdc65f-3100-4160-beb0-42eda765e494,https://picsum.photos/seed/96fdc65f-3100-4160-beb0-42eda765e494-9/1200/800,9
96fdc65f-3100-4160-beb0-42eda765e494,https://picsum.photos/seed/96fdc65f-3100-4160-beb0-42eda765e494-10/1200/800,10
96fdc65f-3100-4160-beb0-42eda765e494,https://picsum.photos/seed/96fdc65f-3100-4160-beb0-42eda765e494-11/1200/800,11
96fdc65f-3100-4160-beb0-42eda765e494,https://picsum.photos/seed/96fdc65f-3100-4160-beb0-42eda765e494-12/1200/800,12
8a4c9e8d-b8f2-4726-b737-9d3d087fa374,https://picsum.photos/seed/8a4c9e8d-b8f2-4726-b737-9d3d087fa374-0/1200/800,0
8a4c9e8d-b8f2-4726-b737-9d3d087fa374,https://picsum.photos/seed/8a4c9e8d-b8f2-4726-b737-9d3d087fa374-1/1200/800,1
8a4c9e8d-b8f2-4726-b737-9d3d087fa374,https://picsum.photos/seed/8a4c9e8d-b8f2-4726-b737-9d3d087fa374-2/1200/800,2
8a4c9e8d-b8f2-4726-b737-9d3d087fa374,https://picsum.photos/seed/8a4c9e8d-b8f2-4726-b737-9d3d087fa374-3/1200/800,3
8a4c9e8d-b8f2-4726-b737-9d3d087fa374,https://picsum.photos/seed/8a4c9e8d-b8f2-4726-b737-9d3d087fa374-4/1200/800,4
8a4c9e8d-b8f2-4726-b737-9d3d087fa374,https://picsum.photos/seed/8a4c9e8d-b8f2-4726-b737-9d3d087fa374-5/1200/800,5
8a4c9e8d-b8f2-4726-b737-9d3d087fa374,https://picsum.photos/seed/8a4c9e8d-b8f2-4726-b737-9d3d087fa374-6/1200/800,6
8a4c9e8d-b8f2-4726-b737-9d3d087fa374,https://picsum.photos/seed/8a4c9e8d-b8f2-4726-b737-9d3d087fa374-7/1200/800,7
8a4c9e8d-b8f2-4726-b737-9d3d087fa374,https://picsum.photos/seed/8a4c9e8d-b8f2-4726-b737-9d3d087fa374-8/1200/800,8
8a4c9e8d-b8f2-4726-b737-9d3d087fa374,https://picsum.photos/seed/8a4c9e8d-b8f2-4726-b737-9d3d087fa374-9/1200/800,9
8a4c9e8d-b8f2-4726-b737-9d3d087fa374,https://picsum.photos/seed/8a4c9e8d-b8f2-4726-b737-9d3d087fa374-10/1200/800,10
8a4c9e8d-b8f2-4726-b737-9d3d087fa374,https://picsum.photos/seed/8a4c9e8d-b8f2-4726-b737-9d3d087fa374-11/1200/800,11
8a4c9e8d-b8f2-4726-b737-9d3d087fa374,https://picsum.photos/seed/8a4c9e8d-b8f2-4726-b737-9d3d087fa374-12/1200/800,12
8a4c9e8d-b8f2-4726-b737-9d3d087fa374,https://picsum.photos/seed/8a4c9e8d-b8f2-4726-b737-9d3d087fa374-13/1200/800,13
39c82d46-d7da-4ee3-bcf3-25948eefd1fd,https://picsum.photos/seed/39c82d46-d7da-4ee3-bcf3-25948eefd1fd-0/1200/800,0
39c82d46-d7da-4ee3-bcf3-25948eefd1fd,https://picsum.photos/seed/39c82d46-d7da-4ee3-bcf3-25948eefd1fd-1/1200/800,1
39c82d46-d7da-4ee3-bcf3-25948eefd1fd,https://picsum.photos/seed/39c82d46-d7da-4ee3-bcf3-25948eefd1fd-2/1200/800,2
39c82d46-d7da-4ee3-bcf3-25948eefd1fd,https://picsum.photos/seed/39c82d46-d7da-4ee3-bcf3-25948eefd1fd-3/1200/800,3
39c82d46-d7da-4ee3-bcf3-25948eefd1fd,https://picsum.photos/seed/39c82d46-d7da-4ee3-bcf3-25948eefd1fd-4/1200/800,4
39c82d46-d7da-4ee3-bcf3-25948eefd1fd,https://picsum.photos/seed/39c82d46-d7da-4ee3-bcf3-25948eefd1fd-5/1200/800,5
39c82d46-d7da-4ee3-bcf3-25948eefd1fd,https://picsum.photos/seed/39c82d46-d7da-4ee3-bcf3-25948eefd1fd-6/1200/800,6
39c82d46-d7da-4ee3-bcf3-25948eefd1fd,https://picsum.photos/seed/39c82d46-d7da-4ee3-bcf3-25948eefd1fd-7/1200/800,7
11d438e2-3e45-4dd2-b582-076d4a7a383f,https://picsum.photos/seed/11d438e2-3e45-4dd2-b582-076d4a7a383f-0/1200/800,0
11d438e2-3e45-4dd2-b582-076d4a7a383f,https://picsum.photos/seed/11d438e2-3e45-4dd2-b582-076d4a7a383f-1/1200/800,1
11d438e2-3e45-4dd2-b582-076d4a7a383f,https://picsum.photos/seed/11d438e2-3e45-4dd2-b582-076d4a7a383f-2/1200/800,2
11d438e2-3e45-4dd2-b582-076d4a7a383f,https://picsum.photos/seed/11d438e2-3e45-4dd2-b582-076d4a7a383f-3/1200/800,3
11d438e2-3e45-4dd2-b582-076d4a7a383f,https://picsum.photos/seed/11d438e2-3e45-4dd2-b582-076d4a7a383f-4/1200/800,4
11d438e2-3e45-4dd2-b582-076d4a7a383f,https://picsum.photos/seed/11d438e2-3e45-4dd2-b582-076d4a7a383f-5/1200/800,5
37971e86-e355-4da1-9f0c-a532f099a9b3,https://picsum.photos/seed/37971e86-e355-4da1-9f0c-a532f099a9b3-0/1200/800,0
37971e86-e355-4da1-9f0c-a532f099a9b3,https://picsum.photos/seed/37971e86-e355-4da1-9f0c-a532f099a9b3-1/1200/800,1
37971e86-e355-4da1-9f0c-a532f099a9b3,https://picsum.photos/seed/37971e86-e355-4da1-9f0c-a532f099a9b3-2/1200/800,2
37971e86-e355-4da1-9f0c-a532f099a9b3,https://picsum.photos/seed/37971e86-e355-4da1-9f0c-a532f099a9b3-3/1200/800,3
37971e86-e355-4da1-9f0c-a532f099a9b3,https://picsum.photos/seed/37971e86-e355-4da1-9f0c-a532f099a9b3-4/1200/800,4
37971e86-e355-4da1-9f0c-a532f099a9b3,https://picsum.photos/seed/37971e86-e355-4da1-9f0c-a532f099a9b3-5/1200/800,5
37971e86-e355-4da1-9f0c-a532f099a9b3,https://picsum.photos/seed/37971e86-e355-4da1-9f0c-a532f099a9b3-6/1200/800,6
37971e86-e355-4da1-9f0c-a532f099a9b3,https://picsum.photos/seed/37971e86-e355-4da1-9f0c-a532f099a9b3-7/1200/800,7
37971e86-e355-4da1-9f0c-a532f099a9b3,https://picsum.photos/seed/37971e86-e355-4da1-9f0c-a532f099a9b3-8/1200/800,8
32c2f966-aff3-4db8-a106-b0285999969c,https://picsum.photos/seed/32c2f966-aff3-4db8-a106-b0285999969c-0/1200/800,0
32c2f966-aff3-4db8-a106-b0285999969c,https://picsum.photos/seed/32c2f966-aff3-4db8-a106-b0285999969c-1/1200/800,1
32c2f966-aff3-4db8-a106-b0285999969c,https://picsum.photos/seed/32c2f966-aff3-4db8-a106-b0285999969c-2/1200/800,2
32c2f966-aff3-4db8-a106-b0285999969c,https://picsum.photos/seed/32c2f966-aff3-4db8-a106-b0285999969c-3/1200/800,3
32c2f966-aff3-4db8-a106-b0285999969c,https://picsum.photos/seed/32c2f966-aff3-4db8-a106-b0285999969c-4/1200/800,4
32c2f966-aff3-4db8-a106-b0285999969c,https://picsum.photos/seed/32c2f966-aff3-4db8-a106-b0285999969c-5/1200/800,5
32c2f966-aff3-4db8-a106-b0285999969c,https://picsum.photos/seed/32c2f966-aff3-4db8-a106-b0285999969c-6/1200/800,6
32c2f966-aff3-4db8-a106-b0285999969c,https://picsum.photos/seed/32c2f966-aff3-4db8-a106-b0285999969c-7/1200/800,7
32c2f966-aff3-4db8-a106-b0285999969c,https://picsum.photos/seed/32c2f966-aff3-4db8-a106-b0285999969c-8/1200/800,8
32c2f966-aff3-4db8-a106-b0285999969c,https://picsum.photos/seed/32c2f966-aff3-4db8-a106-b0285999969c-9/1200/800,9
32c2f966-aff3-4db8-a106-b0285999969c,https://picsum.photos/seed/32c2f966-aff3-4db8-a106-b0285999969c-10/1200/800,10
32c2f966-aff3-4db8-a106-b0285999969c,https://picsum.photos/seed/32c2f966-aff3-4db8-a106-b0285999969c-11/1200/800,11
32c2f966-aff3-4db8-a106-b0285999969c,https://picsum.photos/seed/32c2f966-aff3-4db8-a106-b0285999969c-12/1200/800,12
32c2f966-aff3-4db8-a106-b0285999969c,https://picsum.photos/seed/32c2f966-aff3-4db8-a106-b0285999969c-13/1200/800,13
32c2f966-aff3-4db8-a106-b0285999969c,https://picsum.photos/seed/32c2f966-aff3-4db8-a106-b0285999969c-14/1200/800,14
d63f5ba7-58aa-44bf-8b36-32fa698003a5,https://picsum.photos/seed/d63f5ba7-58aa-44bf-8b36-32fa698003a5-0/1200/800,0
d63f5ba7-58aa-44bf-8b36-32fa698003a5,https://picsum.photos/seed/d63f5ba7-58aa-44bf-8b36-32fa698003a5-1/1200/800,1
d63f5ba7-58aa-44bf-8b36-32fa698003a5,https://picsum.photos/seed/d63f5ba7-58aa-44bf-8b36-32fa698003a5-2/1200/800,2
d63f5ba7-58aa-44bf-8b36-32fa698003a5,https://picsum.photos/seed/d63f5ba7-58aa-44bf-8b36-32fa698003a5-3/1200/800,3
d63f5ba7-58aa-44bf-8b36-32fa698003a5,https://picsum.photos/seed/d63f5ba7-58aa-44bf-8b36-32fa698003a5-4/1200/800,4
d63f5ba7-58aa-44bf-8b36-32fa698003a5,https://picsum.photos/seed/d63f5ba7-58aa-44bf-8b36-32fa698003a5-5/1200/800,5
d63f5ba7-58aa-44bf-8b36-32fa698003a5,https://picsum.photos/seed/d63f5ba7-58aa-44bf-8b36-32fa698003a5-6/1200/800,6
d63f5ba7-58aa-44bf-8b36-32fa698003a5,https://picsum.photos/seed/d63f5ba7-58aa-44bf-8b36-32fa698003a5-7/1200/800,7
d63f5ba7-58aa-44bf-8b36-32fa698003a5,https://picsum.photos/seed/d63f5ba7-58aa-44bf-8b36-32fa698003a5-8/1200/800,8
52ec809a-95dd-4513-ae87-58a246a38578,https://picsum.photos/seed/52ec809a-95dd-4513-ae87-58a246a38578-0/1200/800,0
52ec809a-95dd-4513-ae87-58a246a38578,https://picsum.photos/seed/52ec809a-95dd-4513-ae87-58a246a38578-1/1200/800,1
52ec809a-95dd-4513-ae87-58a246a38578,https://picsum.photos/seed/52ec809a-95dd-4513-ae87-58a246a38578-2/1200/800,2
52ec809a-95dd-4513-ae87-58a246a38578,https://picsum.photos/seed/52ec809a-95dd-4513-ae87-58a246a38578-3/1200/800,3
52ec809a-95dd-4513-ae87-58a246a38578,https://picsum.photos/seed/52ec809a-95dd-4513-ae87-58a246a38578-4/1200/800,4
52ec809a-95dd-4513-ae87-58a246a38578,https://picsum.photos/seed/52ec809a-95dd-4513-ae87-58a246a38578-5/1200/800,5
52ec809a-95dd-4513-ae87-58a246a38578,https://picsum.photos/seed/52ec809a-95dd-4513-ae87-58a246a38578-6/1200/800,6
52ec809a-95dd-4513-ae87-58a246a38578,https://picsum.photos/seed/52ec809a-95dd-4513-ae87-58a246a38578-7/1200/800,7
52ec809a-95dd-4513-ae87-58a246a38578,https://picsum.photos/seed/52ec809a-95dd-4513-ae87-58a246a38578-8/1200/800,8
52ec809a-95dd-4513-ae87-58a246a38578,https://picsum.photos/seed/52ec809a-95dd-4513-ae87-58a246a38578-9/1200/800,9
52ec809a-95dd-4513-ae87-58a246a38578,https://picsum.photos/seed/52ec809a-95dd-4513-ae87-58a246a38578-10/1200/800,10
2f2c02ed-374f-4bee-8493-d5dfd08770fa,https://picsum.photos/seed/2f2c02ed-374f-4bee-8493-d5dfd08770fa-0/1200/800,0
2f2c02ed-374f-4bee-8493-d5dfd08770fa,https://picsum.photos/seed/2f2c02ed-374f-4bee-8493-d5dfd08770fa-1/1200/800,1
2f2c02ed-374f-4bee-8493-d5dfd08770fa,https://picsum.photos/seed/2f2c02ed-374f-4bee-8493-d5dfd08770fa-2/1200/800,2
2f2c02ed-374f-4bee-8493-d5dfd08770fa,https://picsum.photos/seed/2f2c02ed-374f-4bee-8493-d5dfd08770fa-3/1200/800,3
2f2c02ed-374f-4bee-8493-d5dfd08770fa,https://picsum.photos/seed/2f2c02ed-374f-4bee-8493-d5dfd08770fa-4/1200/800,4
2f2c02ed-374f-4bee-8493-d5dfd08770fa,https://picsum.photos/seed/2f2c02ed-374f-4bee-8493-d5dfd08770fa-5/1200/800,5
2f2c02ed-374f-4bee-8493-d5dfd08770fa,https://picsum.photos/seed/2f2c02ed-374f-4bee-8493-d5dfd08770fa-6/1200/800,6
ca85f6bc-1620-4d62-a97f-a16ed03c6c75,https://picsum.photos/seed/ca85f6bc-1620-4d62-a97f-a16ed03c6c75-0/1200/800,0
ca85f6bc-1620-4d62-a97f-a16ed03c6c75,https://picsum.photos/seed/ca85f6bc-1620-4d62-a97f-a16ed03c6c75-1/1200/800,1
ca85f6bc-1620-4d62-a97f-a16ed03c6c75,https://picsum.photos/seed/ca85f6bc-1620-4d62-a97f-a16ed03c6c75-2/1200/800,2
ca85f6bc-1620-4d62-a97f-a16ed03c6c75,https://picsum.photos/seed/ca85f6bc-1620-4d62-a97f-a16ed03c6c75-3/1200/800,3
ca85f6bc-1620-4d62-a97f-a16ed03c6c75,https://picsum.photos/seed/ca85f6bc-1620-4d62-a97f-a16ed03c6c75-4/1200/800,4
ca85f6bc-1620-4d62-a97f-a16ed03c6c75,https://picsum.photos/seed/ca85f6bc-1620-4d62-a97f-a16ed03c6c75-5/1200/800,5
ca85f6bc-1620-4d62-a97f-a16ed03c6c75,https://picsum.photos/seed/ca85f6bc-1620-4d62-a97f-a16ed03c6c75-6/1200/800,6
ca85f6bc-1620-4d62-a97f-a16ed03c6c75,https://picsum.photos/seed/ca85f6bc-1620-4d62-a97f-a16ed03c6c75-7/1200/800,7
ca85f6bc-1620-4d62-a97f-a16ed03c6c75,https://picsum.photos/seed/ca85f6bc-1620-4d62-a97f-a16ed03c6c75-8/1200/800,8
ca85f6bc-1620-4d62-a97f-a16ed03c6c75,https://picsum.photos/seed/ca85f6bc-1620-4d62-a97f-a16ed03c6c75-9/1200/800,9
ca85f6bc-1620-4d62-a97f-a16ed03c6c75,https://picsum.photos/seed/ca85f6bc-1620-4d62-a97f-a16ed03c6c75-10/1200/800,10
ca85f6bc-1620-4d62-a97f-a16ed03c6c75,https://picsum.photos/seed/ca85f6bc-1620-4d62-a97f-a16ed03c6c75-11/1200/800,11
ca85f6bc-1620-4d62-a97f-a16ed03c6c75,https://picsum.photos/seed/ca85f6bc-1620-4d62-a97f-a16ed03c6c75-12/1200/800,12
ca85f6bc-1620-4d62-a97f-a16ed03c6c75,https://picsum.photos/seed/ca85f6bc-1620-4d62-a97f-a16ed03c6c75-13/1200/800,13
0f2b5afe-0442-412c-a2c3-bdd2fb3b4c11,https://picsum.photos/seed/0f2b5afe-0442-412c-a2c3-bdd2fb3b4c11-0/1200/800,0
0f2b5afe-0442-412c-a2c3-bdd2fb3b4c11,https://picsum.photos/seed/0f2b5afe-0442-412c-a2c3-bdd2fb3b4c11-1/1200/800,1
0f2b5afe-0442-412c-a2c3-bdd2fb3b4c11,https://picsum.photos/seed/0f2b5afe-0442-412c-a2c3-bdd2fb3b4c11-2/1200/800,2
0f2b5afe-0442-412c-a2c3-bdd2fb3b4c11,https://picsum.photos/seed/0f2b5afe-0442-412c-a2c3-bdd2fb3b4c11-3/1200/800,3
0f2b5afe-0442-412c-a2c3-bdd2fb3b4c11,https://picsum.photos/seed/0f2b5afe-0442-412c-a2c3-bdd2fb3b4c11-4/1200/800,4
0f2b5afe-0442-412c-a2c3-bdd2fb3b4c11,https://picsum.photos/seed/0f2b5afe-0442-412c-a2c3-bdd2fb3b4c11-5/1200/800,5
0f2b5afe-0442-412c-a2c3-bdd2fb3b4c11,https://picsum.photos/seed/0f2b5afe-0442-412c-a2c3-bdd2fb3b4c11-6/1200/800,6
f7f99716-0098-47d4-a8cf-4b8e4894998e,https://picsum.photos/seed/f7f99716-0098-47d4-a8cf-4b8e4894998e-0/1200/800,0
f7f99716-0098-47d4-a8cf-4b8e4894998e,https://picsum.photos/seed/f7f99716-0098-47d4-a8cf-4b8e4894998e-1/1200/800,1
f7f99716-0098-47d4-a8cf-4b8e4894998e,https://picsum.photos/seed/f7f99716-0098-47d4-a8cf-4b8e4894998e-2/1200/800,2
f7f99716-0098-47d4-a8cf-4b8e4894998e,https://picsum.photos/seed/f7f99716-0098-47d4-a8cf-4b8e4894998e-3/1200/800,3
f7f99716-0098-47d4-a8cf-4b8e4894998e,https://picsum.photos/seed/f7f99716-0098-47d4-a8cf-4b8e4894998e-4/1200/800,4
f7f99716-0098-47d4-a8cf-4b8e4894998e,https://picsum.photos/seed/f7f99716-0098-47d4-a8cf-4b8e4894998e-5/1200/800,5
f7f99716-0098-47d4-a8cf-4b8e4894998e,https://picsum.photos/seed/f7f99716-0098-47d4-a8cf-4b8e4894998e-6/1200/800,6
f7f99716-0098-47d4-a8cf-4b8e4894998e,https://picsum.photos/seed/f7f99716-0098-47d4-a8cf-4b8e4894998e-7/1200/800,7
f7f99716-0098-47d4-a8cf-4b8e4894998e,https://picsum.photos/seed/f7f99716-0098-47d4-a8cf-4b8e4894998e-8/1200/800,8
f7f99716-0098-47d4-a8cf-4b8e4894998e,https://picsum.photos/seed/f7f99716-0098-47d4-a8cf-4b8e4894998e-9/1200/800,9
f7f99716-0098-47d4-a8cf-4b8e4894998e,https://picsum.photos/seed/f7f99716-0098-47d4-a8cf-4b8e4894998e-10/1200/800,10
f7f99716-0098-47d4-a8cf-4b8e4894998e,https://picsum.photos/seed/f7f99716-0098-47d4-a8cf-4b8e4894998e-11/1200/800,11
f7f99716-0098-47d4-a8cf-4b8e4894998e,https://picsum.photos/seed/f7f99716-0098-47d4-a8cf-4b8e4894998e-12/1200/800,12
f7f99716-0098-47d4-a8cf-4b8e4894998e,https://picsum.photos/seed/f7f99716-0098-47d4-a8cf-4b8e4894998e-13/1200/800,13
c3ffbd00-1a13-4781-a251-d971d9b7c8a2,https://picsum.photos/seed/c3ffbd00-1a13-4781-a251-d971d9b7c8a2-0/1200/800,0
c3ffbd00-1a13-4781-a251-d971d9b7c8a2,https://picsum.photos/seed/c3ffbd00-1a13-4781-a251-d971d9b7c8a2-1/1200/800,1
c3ffbd00-1a13-4781-a251-d971d9b7c8a2,https://picsum.photos/seed/c3ffbd00-1a13-4781-a251-d971d9b7c8a2-2/1200/800,2
c3ffbd00-1a13-4781-a251-d971d9b7c8a2,https://picsum.photos/seed/c3ffbd00-1a13-4781-a251-d971d9b7c8a2-3/1200/800,3
c3ffbd00-1a13-4781-a251-d971d9b7c8a2,https://picsum.photos/seed/c3ffbd00-1a13-4781-a251-d971d9b7c8a2-4/1200/800,4
5f269cab-ca05-4f83-a92b-e5c31cd5c296,https://picsum.photos/seed/5f269cab-ca05-4f83-a92b-e5c31cd5c296-0/1200/800,0
5f269cab-ca05-4f83-a92b-e5c31cd5c296,https://picsum.photos/seed/5f269cab-ca05-4f83-a92b-e5c31cd5c296-1/1200/800,1
5f269cab-ca05-4f83-a92b-e5c31cd5c296,https://picsum.photos/seed/5f269cab-ca05-4f83-a92b-e5c31cd5c296-2/1200/800,2
5f269cab-ca05-4f83-a92b-e5c31cd5c296,https://picsum.photos/seed/5f269cab-ca05-4f83-a92b-e5c31cd5c296-3/1200/800,3
5f269cab-ca05-4f83-a92b-e5c31cd5c296,https://picsum.photos/seed/5f269cab-ca05-4f83-a92b-e5c31cd5c296-4/1200/800,4
5f269cab-ca05-4f83-a92b-e5c31cd5c296,https://picsum.photos/seed/5f269cab-ca05-4f83-a92b-e5c31cd5c296-5/1200/800,5
6be7a404-a089-49bc-9ee7-f92c3b5fa4c1,https://picsum.photos/seed/6be7a404-a089-49bc-9ee7-f92c3b5fa4c1-0/1200/800,0
6be7a404-a089-49bc-9ee7-f92c3b5fa4c1,https://picsum.photos/seed/6be7a404-a089-49bc-9ee7-f92c3b5fa4c1-1/1200/800,1
6be7a404-a089-49bc-9ee7-f92c3b5fa4c1,https://picsum.photos/seed/6be7a404-a089-49bc-9ee7-f92c3b5fa4c1-2/1200/800,2
6be7a404-a089-49bc-9ee7-f92c3b5fa4c1,https://picsum.photos/seed/6be7a404-a089-49bc-9ee7-f92c3b5fa4c1-3/1200/800,3
6be7a404-a089-49bc-9ee7-f92c3b5fa4c1,https://picsum.photos/seed/6be7a404-a089-49bc-9ee7-f92c3b5fa4c1-4/1200/800,4
7c257265-6fa9-4625-9c67-d863dcb49b01,https://picsum.photos/seed/7c257265-6fa9-4625-9c67-d863dcb49b01-0/1200/800,0
7c257265-6fa9-4625-9c67-d863dcb49b01,https://picsum.photos/seed/7c257265-6fa9-4625-9c67-d863dcb49b01-1/1200/800,1
7c257265-6fa9-4625-9c67-d863dcb49b01,https://picsum.photos/seed/7c257265-6fa9-4625-9c67-d863dcb49b01-2/1200/800,2
7c257265-6fa9-4625-9c67-d863dcb49b01,https://picsum.photos/seed/7c257265-6fa9-4625-9c67-d863dcb49b01-3/1200/800,3
7c257265-6fa9-4625-9c67-d863dcb49b01,https://picsum.photos/seed/7c257265-6fa9-4625-9c67-d863dcb49b01-4/1200/800,4
7c257265-6fa9-4625-9c67-d863dcb49b01,https://picsum.photos/seed/7c257265-6fa9-4625-9c67-d863dcb49b01-5/1200/800,5
7c257265-6fa9-4625-9c67-d863dcb49b01,https://picsum.photos/seed/7c257265-6fa9-4625-9c67-d863dcb49b01-6/1200/800,6
1ef4fa68-1e0a-426b-9687-6d910625c891,https://picsum.photos/seed/1ef4fa68-1e0a-426b-9687-6d910625c891-0/1200/800,0
1ef4fa68-1e0a-426b-9687-6d910625c891,https://picsum.photos/seed/1ef4fa68-1e0a-426b-9687-6d910625c891-1/1200/800,1
1ef4fa68-1e0a-426b-9687-6d910625c891,https://picsum.photos/seed/1ef4fa68-1e0a-426b-9687-6d910625c891-2/1200/800,2
1ef4fa68-1e0a-426b-9687-6d910625c891,https://picsum.photos/seed/1ef4fa68-1e0a-426b-9687-6d910625c891-3/1200/800,3
1ef4fa68-1e0a-426b-9687-6d910625c891,https://picsum.photos/seed/1ef4fa68-1e0a-426b-9687-6d910625c891-4/1200/800,4
1ef4fa68-1e0a-426b-9687-6d910625c891,https://picsum.photos/seed/1ef4fa68-1e0a-426b-9687-6d910625c891-5/1200/800,5
1ef4fa68-1e0a-426b-9687-6d910625c891,https://picsum.photos/seed/1ef4fa68-1e0a-426b-9687-6d910625c891-6/1200/800,6
1ef4fa68-1e0a-426b-9687-6d910625c891,https://picsum.photos/seed/1ef4fa68-1e0a-426b-9687-6d910625c891-7/1200/800,7
1ef4fa68-1e0a-426b-9687-6d910625c891,https://picsum.photos/seed/1ef4fa68-1e0a-426b-9687-6d910625c891-8/1200/800,8
1ef4fa68-1e0a-426b-9687-6d910625c891,https://picsum.photos/seed/1ef4fa68-1e0a-426b-9687-6d910625c891-9/1200/800,9
1ef4fa68-1e0a-426b-9687-6d910625c891,https://picsum.photos/seed/1ef4fa68-1e0a-426b-9687-6d910625c891-10/1200/800,10
4573618a-e452-4431-800b-4d702f97b04a,https://picsum.photos/seed/4573618a-e452-4431-800b-4d702f97b04a-0/1200/800,0
4573618a-e452-4431-800b-4d702f97b04a,https://picsum.photos/seed/4573618a-e452-4431-800b-4d702f97b04a-1/1200/800,1
4573618a-e452-4431-800b-4d702f97b04a,https://picsum.photos/seed/4573618a-e452-4431-800b-4d702f97b04a-2/1200/800,2
4573618a-e452-4431-800b-4d702f97b04a,https://picsum.photos/seed/4573618a-e452-4431-800b-4d702f97b04a-3/1200/800,3
4573618a-e452-4431-800b-4d702f97b04a,https://picsum.photos/seed/4573618a-e452-4431-800b-4d702f97b04a-4/1200/800,4
4573618a-e452-4431-800b-4d702f97b04a,https://picsum.photos/seed/4573618a-e452-4431-800b-4d702f97b04a-5/1200/800,5
4573618a-e452-4431-800b-4d702f97b04a,https://picsum.photos/seed/4573618a-e452-4431-800b-4d702f97b04a-6/1200/800,6
99eb6929-b15c-47be-9501-5684cdcbe175,https://picsum.photos/seed/99eb6929-b15c-47be-9501-5684cdcbe175-0/1200/800,0
99eb6929-b15c-47be-9501-5684cdcbe175,https://picsum.photos/seed/99eb6929-b15c-47be-9501-5684cdcbe175-1/1200/800,1
99eb6929-b15c-47be-9501-5684cdcbe175,https://picsum.photos/seed/99eb6929-b15c-47be-9501-5684cdcbe175-2/1200/800,2
99eb6929-b15c-47be-9501-5684cdcbe175,https://picsum.photos/seed/99eb6929-b15c-47be-9501-5684cdcbe175-3/1200/800,3
99eb6929-b15c-47be-9501-5684cdcbe175,https://picsum.photos/seed/99eb6929-b15c-47be-9501-5684cdcbe175-4/1200/800,4
99eb6929-b15c-47be-9501-5684cdcbe175,https://picsum.photos/seed/99eb6929-b15c-47be-9501-5684cdcbe175-5/1200/800,5
99eb6929-b15c-47be-9501-5684cdcbe175,https://picsum.photos/seed/99eb6929-b15c-47be-9501-5684cdcbe175-6/1200/800,6
99eb6929-b15c-47be-9501-5684cdcbe175,https://picsum.photos/seed/99eb6929-b15c-47be-9501-5684cdcbe175-7/1200/800,7
99eb6929-b15c-47be-9501-5684cdcbe175,https://picsum.photos/seed/99eb6929-b15c-47be-9501-5684cdcbe175-8/1200/800,8
99eb6929-b15c-47be-9501-5684cdcbe175,https://picsum.photos/seed/99eb6929-b15c-47be-9501-5684cdcbe175-9/1200/800,9
98e63a0e-5d2c-474c-abed-c583a512415a,https://picsum.photos/seed/98e63a0e-5d2c-474c-abed-c583a512415a-0/1200/800,0
98e63a0e-5d2c-474c-abed-c583a512415a,https://picsum.photos/seed/98e63a0e-5d2c-474c-abed-c583a512415a-1/1200/800,1
98e63a0e-5d2c-474c-abed-c583a512415a,https://picsum.photos/seed/98e63a0e-5d2c-474c-abed-c583a512415a-2/1200/800,2
98e63a0e-5d2c-474c-abed-c583a512415a,https://picsum.photos/seed/98e63a0e-5d2c-474c-abed-c583a512415a-3/1200/800,3
98e63a0e-5d2c-474c-abed-c583a512415a,https://picsum.photos/seed/98e63a0e-5d2c-474c-abed-c583a512415a-4/1200/800,4
98e63a0e-5d2c-474c-abed-c583a512415a,https://picsum.photos/seed/98e63a0e-5d2c-474c-abed-c583a512415a-5/1200/800,5
98e63a0e-5d2c-474c-abed-c583a512415a,https://picsum.photos/seed/98e63a0e-5d2c-474c-abed-c583a512415a-6/1200/800,6
98e63a0e-5d2c-474c-abed-c583a512415a,https://picsum.photos/seed/98e63a0e-5d2c-474c-abed-c583a512415a-7/1200/800,7
98e63a0e-5d2c-474c-abed-c583a512415a,https://picsum.photos/seed/98e63a0e-5d2c-474c-abed-c583a512415a-8/1200/800,8
98e63a0e-5d2c-474c-abed-c583a512415a,https://picsum.photos/seed/98e63a0e-5d2c-474c-abed-c583a512415a-9/1200/800,9
98e63a0e-5d2c-474c-abed-c583a512415a,https://picsum.photos/seed/98e63a0e-5d2c-474c-abed-c583a512415a-10/1200/800,10
98e63a0e-5d2c-474c-abed-c583a512415a,https://picsum.photos/seed/98e63a0e-5d2c-474c-abed-c583a512415a-11/1200/800,11
98e63a0e-5d2c-474c-abed-c583a512415a,https://picsum.photos/seed/98e63a0e-5d2c-474c-abed-c583a512415a-12/1200/800,12
98e63a0e-5d2c-474c-abed-c583a512415a,https://picsum.photos/seed/98e63a0e-5d2c-474c-abed-c583a512415a-13/1200/800,13
98e63a0e-5d2c-474c-abed-c583a512415a,https://picsum.photos/seed/98e63a0e-5d2c-474c-abed-c583a512415a-14/1200/800,14
5598d9c4-a7f2-4c0d-977f-26d76b600eba,https://picsum.photos/seed/5598d9c4-a7f2-4c0d-977f-26d76b600eba-0/1200/800,0
5598d9c4-a7f2-4c0d-977f-26d76b600eba,https://picsum.photos/seed/5598d9c4-a7f2-4c0d-977f-26d76b600eba-1/1200/800,1
5598d9c4-a7f2-4c0d-977f-26d76b600eba,https://picsum.photos/seed/5598d9c4-a7f2-4c0d-977f-26d76b600eba-2/1200/800,2
5598d9c4-a7f2-4c0d-977f-26d76b600eba,https://picsum.photos/seed/5598d9c4-a7f2-4c0d-977f-26d76b600eba-3/1200/800,3
5598d9c4-a7f2-4c0d-977f-26d76b600eba,https://picsum.photos/seed/5598d9c4-a7f2-4c0d-977f-26d76b600eba-4/1200/800,4
ef1eaafa-f3bd-4314-8756-1f50f601a769,https://picsum.photos/seed/ef1eaafa-f3bd-4314-8756-1f50f601a769-0/1200/800,0
ef1eaafa-f3bd-4314-8756-1f50f601a769,https://picsum.photos/seed/ef1eaafa-f3bd-4314-8756-1f50f601a769-1/1200/800,1
ef1eaafa-f3bd-4314-8756-1f50f601a769,https://picsum.photos/seed/ef1eaafa-f3bd-4314-8756-1f50f601a769-2/1200/800,2
ef1eaafa-f3bd-4314-8756-1f50f601a769,https://picsum.photos/seed/ef1eaafa-f3bd-4314-8756-1f50f601a769-3/1200/800,3
ef1eaafa-f3bd-4314-8756-1f50f601a769,https://picsum.photos/seed/ef1eaafa-f3bd-4314-8756-1f50f601a769-4/1200/800,4
ef1eaafa-f3bd-4314-8756-1f50f601a769,https://picsum.photos/seed/ef1eaafa-f3bd-4314-8756-1f50f601a769-5/1200/800,5
ef1eaafa-f3bd-4314-8756-1f50f601a769,https://picsum.photos/seed/ef1eaafa-f3bd-4314-8756-1f50f601a769-6/1200/800,6
ef1eaafa-f3bd-4314-8756-1f50f601a769,https://picsum.photos/seed/ef1eaafa-f3bd-4314-8756-1f50f601a769-7/1200/800,7
ef1eaafa-f3bd-4314-8756-1f50f601a769,https://picsum.photos/seed/ef1eaafa-f3bd-4314-8756-1f50f601a769-8/1200/800,8
ef1eaafa-f3bd-4314-8756-1f50f601a769,https://picsum.photos/seed/ef1eaafa-f3bd-4314-8756-1f50f601a769-9/1200/800,9
ef1eaafa-f3bd-4314-8756-1f50f601a769,https://picsum.photos/seed/ef1eaafa-f3bd-4314-8756-1f50f601a769-10/1200/800,10
ef1eaafa-f3bd-4314-8756-1f50f601a769,https://picsum.photos/seed/ef1eaafa-f3bd-4314-8756-1f50f601a769-11/1200/800,11
ef1eaafa-f3bd-4314-8756-1f50f601a769,https://picsum.photos/seed/ef1eaafa-f3bd-4314-8756-1f50f601a769-12/1200/800,12
a141768f-783f-4ec8-8790-4ac7e53f625b,https://picsum.photos/seed/a141768f-783f-4ec8-8790-4ac7e53f625b-0/1200/800,0
a141768f-783f-4ec8-8790-4ac7e53f625b,https://picsum.photos/seed/a141768f-783f-4ec8-8790-4ac7e53f625b-1/1200/800,1
a141768f-783f-4ec8-8790-4ac7e53f625b,https://picsum.photos/seed/a141768f-783f-4ec8-8790-4ac7e53f625b-2/1200/800,2
a141768f-783f-4ec8-8790-4ac7e53f625b,https://picsum.photos/seed/a141768f-783f-4ec8-8790-4ac7e53f625b-3/1200/800,3
a141768f-783f-4ec8-8790-4ac7e53f625b,https://picsum.photos/seed/a141768f-783f-4ec8-8790-4ac7e53f625b-4/1200/800,4
a141768f-783f-4ec8-8790-4ac7e53f625b,https://picsum.photos/seed/a141768f-783f-4ec8-8790-4ac7e53f625b-5/1200/800,5
a141768f-783f-4ec8-8790-4ac7e53f625b,https://picsum.photos/seed/a141768f-783f-4ec8-8790-4ac7e53f625b-6/1200/800,6
a141768f-783f-4ec8-8790-4ac7e53f625b,https://picsum.photos/seed/a141768f-783f-4ec8-8790-4ac7e53f625b-7/1200/800,7
d505ac1f-ab19-4d2b-9e9a-b6aa972e1cfd,https://picsum.photos/seed/d505ac1f-ab19-4d2b-9e9a-b6aa972e1cfd-0/1200/800,0
d505ac1f-ab19-4d2b-9e9a-b6aa972e1cfd,https://picsum.photos/seed/d505ac1f-ab19-4d2b-9e9a-b6aa972e1cfd-1/1200/800,1
d505ac1f-ab19-4d2b-9e9a-b6aa972e1cfd,https://picsum.photos/seed/d505ac1f-ab19-4d2b-9e9a-b6aa972e1cfd-2/1200/800,2
d505ac1f-ab19-4d2b-9e9a-b6aa972e1cfd,https://picsum.photos/seed/d505ac1f-ab19-4d2b-9e9a-b6aa972e1cfd-3/1200/800,3
d505ac1f-ab19-4d2b-9e9a-b6aa972e1cfd,https://picsum.photos/seed/d505ac1f-ab19-4d2b-9e9a-b6aa972e1cfd-4/1200/800,4
d505ac1f-ab19-4d2b-9e9a-b6aa972e1cfd,https://picsum.photos/seed/d505ac1f-ab19-4d2b-9e9a-b6aa972e1cfd-5/1200/800,5
d505ac1f-ab19-4d2b-9e9a-b6aa972e1cfd,https://picsum.photos/seed/d505ac1f-ab19-4d2b-9e9a-b6aa972e1cfd-6/1200/800,6
d505ac1f-ab19-4d2b-9e9a-b6aa972e1cfd,https://picsum.photos/seed/d505ac1f-ab19-4d2b-9e9a-b6aa972e1cfd-7/1200/800,7
58bc52ce-df89-49a1-895d-27e868eae4ba,https://picsum.photos/seed/58bc52ce-df89-49a1-895d-27e868eae4ba-0/1200/800,0
58bc52ce-df89-49a1-895d-27e868eae4ba,https://picsum.photos/seed/58bc52ce-df89-49a1-895d-27e868eae4ba-1/1200/800,1
58bc52ce-df89-49a1-895d-27e868eae4ba,https://picsum.photos/seed/58bc52ce-df89-49a1-895d-27e868eae4ba-2/1200/800,2
58bc52ce-df89-49a1-895d-27e868eae4ba,https://picsum.photos/seed/58bc52ce-df89-49a1-895d-27e868eae4ba-3/1200/800,3
58bc52ce-df89-49a1-895d-27e868eae4ba,https://picsum.photos/seed/58bc52ce-df89-49a1-895d-27e868eae4ba-4/1200/800,4
58bc52ce-df89-49a1-895d-27e868eae4ba,https://picsum.photos/seed/58bc52ce-df89-49a1-895d-27e868eae4ba-5/1200/800,5
58bc52ce-df89-49a1-895d-27e868eae4ba,https://picsum.photos/seed/58bc52ce-df89-49a1-895d-27e868eae4ba-6/1200/800,6
58bc52ce-df89-49a1-895d-27e868eae4ba,https://picsum.photos/seed/58bc52ce-df89-49a1-895d-27e868eae4ba-7/1200/800,7
58bc52ce-df89-49a1-895d-27e868eae4ba,https://picsum.photos/seed/58bc52ce-df89-49a1-895d-27e868eae4ba-8/1200/800,8
58bc52ce-df89-49a1-895d-27e868eae4ba,https://picsum.photos/seed/58bc52ce-df89-49a1-895d-27e868eae4ba-9/1200/800,9
58bc52ce-df89-49a1-895d-27e868eae4ba,https://picsum.photos/seed/58bc52ce-df89-49a1-895d-27e868eae4ba-10/1200/800,10
58bc52ce-df89-49a1-895d-27e868eae4ba,https://picsum.photos/seed/58bc52ce-df89-49a1-895d-27e868eae4ba-11/1200/800,11
58bc52ce-df89-49a1-895d-27e868eae4ba,https://picsum.photos/seed/58bc52ce-df89-49a1-895d-27e868eae4ba-12/1200/800,12
58bc52ce-df89-49a1-895d-27e868eae4ba,https://picsum.photos/seed/58bc52ce-df89-49a1-895d-27e868eae4ba-13/1200/800,13
58bc52ce-df89-49a1-895d-27e868eae4ba,https://picsum.photos/seed/58bc52ce-df89-49a1-895d-27e868eae4ba-14/1200/800,14
a24bdc5b-dd81-4273-9b88-9cc96bff8961,https://picsum.photos/seed/a24bdc5b-dd81-4273-9b88-9cc96bff8961-0/1200/800,0
a24bdc5b-dd81-4273-9b88-9cc96bff8961,https://picsum.photos/seed/a24bdc5b-dd81-4273-9b88-9cc96bff8961-1/1200/800,1
a24bdc5b-dd81-4273-9b88-9cc96bff8961,https://picsum.photos/seed/a24bdc5b-dd81-4273-9b88-9cc96bff8961-2/1200/800,2
a24bdc5b-dd81-4273-9b88-9cc96bff8961,https://picsum.photos/seed/a24bdc5b-dd81-4273-9b88-9cc96bff8961-3/1200/800,3
a24bdc5b-dd81-4273-9b88-9cc96bff8961,https://picsum.photos/seed/a24bdc5b-dd81-4273-9b88-9cc96bff8961-4/1200/800,4
a24bdc5b-dd81-4273-9b88-9cc96bff8961,https://picsum.photos/seed/a24bdc5b-dd81-4273-9b88-9cc96bff8961-5/1200/800,5
a24bdc5b-dd81-4273-9b88-9cc96bff8961,https://picsum.photos/seed/a24bdc5b-dd81-4273-9b88-9cc96bff8961-6/1200/800,6
c5c154f9-c130-4297-bde8-a54695d5d323,https://picsum.photos/seed/c5c154f9-c130-4297-bde8-a54695d5d323-0/1200/800,0
c5c154f9-c130-4297-bde8-a54695d5d323,https://picsum.photos/seed/c5c154f9-c130-4297-bde8-a54695d5d323-1/1200/800,1
c5c154f9-c130-4297-bde8-a54695d5d323,https://picsum.photos/seed/c5c154f9-c130-4297-bde8-a54695d5d323-2/1200/800,2
c5c154f9-c130-4297-bde8-a54695d5d323,https://picsum.photos/seed/c5c154f9-c130-4297-bde8-a54695d5d323-3/1200/800,3
c5c154f9-c130-4297-bde8-a54695d5d323,https://picsum.photos/seed/c5c154f9-c130-4297-bde8-a54695d5d323-4/1200/800,4
286f56a5-55c4-4c73-b797-3ab1ef2c0705,https://picsum.photos/seed/286f56a5-55c4-4c73-b797-3ab1ef2c0705-0/1200/800,0
286f56a5-55c4-4c73-b797-3ab1ef2c0705,https://picsum.photos/seed/286f56a5-55c4-4c73-b797-3ab1ef2c0705-1/1200/800,1
286f56a5-55c4-4c73-b797-3ab1ef2c0705,https://picsum.photos/seed/286f56a5-55c4-4c73-b797-3ab1ef2c0705-2/1200/800,2
286f56a5-55c4-4c73-b797-3ab1ef2c0705,https://picsum.photos/seed/286f56a5-55c4-4c73-b797-3ab1ef2c0705-3/1200/800,3
286f56a5-55c4-4c73-b797-3ab1ef2c0705,https://picsum.photos/seed/286f56a5-55c4-4c73-b797-3ab1ef2c0705-4/1200/800,4
286f56a5-55c4-4c73-b797-3ab1ef2c0705,https://picsum.photos/seed/286f56a5-55c4-4c73-b797-3ab1ef2c0705-5/1200/800,5
286f56a5-55c4-4c73-b797-3ab1ef2c0705,https://picsum.photos/seed/286f56a5-55c4-4c73-b797-3ab1ef2c0705-6/1200/800,6
286f56a5-55c4-4c73-b797-3ab1ef2c0705,https://picsum.photos/seed/286f56a5-55c4-4c73-b797-3ab1ef2c0705-7/1200/800,7
286f56a5-55c4-4c73-b797-3ab1ef2c0705,https://picsum.photos/seed/286f56a5-55c4-4c73-b797-3ab1ef2c0705-8/1200/800,8
286f56a5-55c4-4c73-b797-3ab1ef2c0705,https://picsum.photos/seed/286f56a5-55c4-4c73-b797-3ab1ef2c0705-9/1200/800,9
9b55e2b5-b217-4df6-ae8d-b1a0fbaff706,https://picsum.photos/seed/9b55e2b5-b217-4df6-ae8d-b1a0fbaff706-0/1200/800,0
9b55e2b5-b217-4df6-ae8d-b1a0fbaff706,https://picsum.photos/seed/9b55e2b5-b217-4df6-ae8d-b1a0fbaff706-1/1200/800,1
9b55e2b5-b217-4df6-ae8d-b1a0fbaff706,https://picsum.photos/seed/9b55e2b5-b217-4df6-ae8d-b1a0fbaff706-2/1200/800,2
9b55e2b5-b217-4df6-ae8d-b1a0fbaff706,https://picsum.photos/seed/9b55e2b5-b217-4df6-ae8d-b1a0fbaff706-3/1200/800,3
9b55e2b5-b217-4df6-ae8d-b1a0fbaff706,https://picsum.photos/seed/9b55e2b5-b217-4df6-ae8d-b1a0fbaff706-4/1200/800,4
9b55e2b5-b217-4df6-ae8d-b1a0fbaff706,https://picsum.photos/seed/9b55e2b5-b217-4df6-ae8d-b1a0fbaff706-5/1200/800,5
9b55e2b5-b217-4df6-ae8d-b1a0fbaff706,https://picsum.photos/seed/9b55e2b5-b217-4df6-ae8d-b1a0fbaff706-6/1200/800,6
9b55e2b5-b217-4df6-ae8d-b1a0fbaff706,https://picsum.photos/seed/9b55e2b5-b217-4df6-ae8d-b1a0fbaff706-7/1200/800,7
9b55e2b5-b217-4df6-ae8d-b1a0fbaff706,https://picsum.photos/seed/9b55e2b5-b217-4df6-ae8d-b1a0fbaff706-8/1200/800,8
9b55e2b5-b217-4df6-ae8d-b1a0fbaff706,https://picsum.photos/seed/9b55e2b5-b217-4df6-ae8d-b1a0fbaff706-9/1200/800,9
52535007-5a1a-4748-b466-2d89e5ef53ca,https://picsum.photos/seed/52535007-5a1a-4748-b466-2d89e5ef53ca-0/1200/800,0
52535007-5a1a-4748-b466-2d89e5ef53ca,https://picsum.photos/seed/52535007-5a1a-4748-b466-2d89e5ef53ca-1/1200/800,1
52535007-5a1a-4748-b466-2d89e5ef53ca,https://picsum.photos/seed/52535007-5a1a-4748-b466-2d89e5ef53ca-2/1200/800,2
52535007-5a1a-4748-b466-2d89e5ef53ca,https://picsum.photos/seed/52535007-5a1a-4748-b466-2d89e5ef53ca-3/1200/800,3
52535007-5a1a-4748-b466-2d89e5ef53ca,https://picsum.photos/seed/52535007-5a1a-4748-b466-2d89e5ef53ca-4/1200/800,4
52535007-5a1a-4748-b466-2d89e5ef53ca,https://picsum.photos/seed/52535007-5a1a-4748-b466-2d89e5ef53ca-5/1200/800,5
52535007-5a1a-4748-b466-2d89e5ef53ca,https://picsum.photos/seed/52535007-5a1a-4748-b466-2d89e5ef53ca-6/1200/800,6
52535007-5a1a-4748-b466-2d89e5ef53ca,https://picsum.photos/seed/52535007-5a1a-4748-b466-2d89e5ef53ca-7/1200/800,7
52535007-5a1a-4748-b466-2d89e5ef53ca,https://picsum.photos/seed/52535007-5a1a-4748-b466-2d89e5ef53ca-8/1200/800,8
52535007-5a1a-4748-b466-2d89e5ef53ca,https://picsum.photos/seed/52535007-5a1a-4748-b466-2d89e5ef53ca-9/1200/800,9
52535007-5a1a-4748-b466-2d89e5ef53ca,https://picsum.photos/seed/52535007-5a1a-4748-b466-2d89e5ef53ca-10/1200/800,10
52535007-5a1a-4748-b466-2d89e5ef53ca,https://picsum.photos/seed/52535007-5a1a-4748-b466-2d89e5ef53ca-11/1200/800,11
52535007-5a1a-4748-b466-2d89e5ef53ca,https://picsum.photos/seed/52535007-5a1a-4748-b466-2d89e5ef53ca-12/1200/800,12
52535007-5a1a-4748-b466-2d89e5ef53ca,https://picsum.photos/seed/52535007-5a1a-4748-b466-2d89e5ef53ca-13/1200/800,13
52535007-5a1a-4748-b466-2d89e5ef53ca,https://picsum.photos/seed/52535007-5a1a-4748-b466-2d89e5ef53ca-14/1200/800,14
a054370c-5142-49c3-8c60-6339cf96bf86,https://picsum.photos/seed/a054370c-5142-49c3-8c60-6339cf96bf86-0/1200/800,0
a054370c-5142-49c3-8c60-6339cf96bf86,https://picsum.photos/seed/a054370c-5142-49c3-8c60-6339cf96bf86-1/1200/800,1
a054370c-5142-49c3-8c60-6339cf96bf86,https://picsum.photos/seed/a054370c-5142-49c3-8c60-6339cf96bf86-2/1200/800,2
a054370c-5142-49c3-8c60-6339cf96bf86,https://picsum.photos/seed/a054370c-5142-49c3-8c60-6339cf96bf86-3/1200/800,3
a054370c-5142-49c3-8c60-6339cf96bf86,https://picsum.photos/seed/a054370c-5142-49c3-8c60-6339cf96bf86-4/1200/800,4
a054370c-5142-49c3-8c60-6339cf96bf86,https://picsum.photos/seed/a054370c-5142-49c3-8c60-6339cf96bf86-5/1200/800,5
a054370c-5142-49c3-8c60-6339cf96bf86,https://picsum.photos/seed/a054370c-5142-49c3-8c60-6339cf96bf86-6/1200/800,6
4f0a7da9-af03-4b02-ba95-05df6e0e11be,https://picsum.photos/seed/4f0a7da9-af03-4b02-ba95-05df6e0e11be-0/1200/800,0
4f0a7da9-af03-4b02-ba95-05df6e0e11be,https://picsum.photos/seed/4f0a7da9-af03-4b02-ba95-05df6e0e11be-1/1200/800,1
4f0a7da9-af03-4b02-ba95-05df6e0e11be,https://picsum.photos/seed/4f0a7da9-af03-4b02-ba95-05df6e0e11be-2/1200/800,2
4f0a7da9-af03-4b02-ba95-05df6e0e11be,https://picsum.photos/seed/4f0a7da9-af03-4b02-ba95-05df6e0e11be-3/1200/800,3
4f0a7da9-af03-4b02-ba95-05df6e0e11be,https://picsum.photos/seed/4f0a7da9-af03-4b02-ba95-05df6e0e11be-4/1200/800,4
4f0a7da9-af03-4b02-ba95-05df6e0e11be,https://picsum.photos/seed/4f0a7da9-af03-4b02-ba95-05df6e0e11be-5/1200/800,5
4f0a7da9-af03-4b02-ba95-05df6e0e11be,https://picsum.photos/seed/4f0a7da9-af03-4b02-ba95-05df6e0e11be-6/1200/800,6
4f0a7da9-af03-4b02-ba95-05df6e0e11be,https://picsum.photos/seed/4f0a7da9-af03-4b02-ba95-05df6e0e11be-7/1200/800,7
4f0a7da9-af03-4b02-ba95-05df6e0e11be,https://picsum.photos/seed/4f0a7da9-af03-4b02-ba95-05df6e0e11be-8/1200/800,8
4f0a7da9-af03-4b02-ba95-05df6e0e11be,https://picsum.photos/seed/4f0a7da9-af03-4b02-ba95-05df6e0e11be-9/1200/800,9
4f0a7da9-af03-4b02-ba95-05df6e0e11be,https://picsum.photos/seed/4f0a7da9-af03-4b02-ba95-05df6e0e11be-10/1200/800,10
4f0a7da9-af03-4b02-ba95-05df6e0e11be,https://picsum.photos/seed/4f0a7da9-af03-4b02-ba95-05df6e0e11be-11/1200/800,11
eb52410a-4a52-4db9-b735-35b3d9bbfb15,https://picsum.photos/seed/eb52410a-4a52-4db9-b735-35b3d9bbfb15-0/1200/800,0
eb52410a-4a52-4db9-b735-35b3d9bbfb15,https://picsum.photos/seed/eb52410a-4a52-4db9-b735-35b3d9bbfb15-1/1200/800,1
eb52410a-4a52-4db9-b735-35b3d9bbfb15,https://picsum.photos/seed/eb52410a-4a52-4db9-b735-35b3d9bbfb15-2/1200/800,2
eb52410a-4a52-4db9-b735-35b3d9bbfb15,https://picsum.photos/seed/eb52410a-4a52-4db9-b735-35b3d9bbfb15-3/1200/800,3
eb52410a-4a52-4db9-b735-35b3d9bbfb15,https://picsum.photos/seed/eb52410a-4a52-4db9-b735-35b3d9bbfb15-4/1200/800,4
eb52410a-4a52-4db9-b735-35b3d9bbfb15,https://picsum.photos/seed/eb52410a-4a52-4db9-b735-35b3d9bbfb15-5/1200/800,5
eb52410a-4a52-4db9-b735-35b3d9bbfb15,https://picsum.photos/seed/eb52410a-4a52-4db9-b735-35b3d9bbfb15-6/1200/800,6
eb52410a-4a52-4db9-b735-35b3d9bbfb15,https://picsum.photos/seed/eb52410a-4a52-4db9-b735-35b3d9bbfb15-7/1200/800,7
eb52410a-4a52-4db9-b735-35b3d9bbfb15,https://picsum.photos/seed/eb52410a-4a52-4db9-b735-35b3d9bbfb15-8/1200/800,8
eb52410a-4a52-4db9-b735-35b3d9bbfb15,https://picsum.photos/seed/eb52410a-4a52-4db9-b735-35b3d9bbfb15-9/1200/800,9
eb52410a-4a52-4db9-b735-35b3d9bbfb15,https://picsum.photos/seed/eb52410a-4a52-4db9-b735-35b3d9bbfb15-10/1200/800,10
eb52410a-4a52-4db9-b735-35b3d9bbfb15,https://picsum.photos/seed/eb52410a-4a52-4db9-b735-35b3d9bbfb15-11/1200/800,11
e8a79c8d-be12-4b92-88a9-bfebd15ee9d0,https://picsum.photos/seed/e8a79c8d-be12-4b92-88a9-bfebd15ee9d0-0/1200/800,0
e8a79c8d-be12-4b92-88a9-bfebd15ee9d0,https://picsum.photos/seed/e8a79c8d-be12-4b92-88a9-bfebd15ee9d0-1/1200/800,1
e8a79c8d-be12-4b92-88a9-bfebd15ee9d0,https://picsum.photos/seed/e8a79c8d-be12-4b92-88a9-bfebd15ee9d0-2/1200/800,2
e8a79c8d-be12-4b92-88a9-bfebd15ee9d0,https://picsum.photos/seed/e8a79c8d-be12-4b92-88a9-bfebd15ee9d0-3/1200/800,3
e8a79c8d-be12-4b92-88a9-bfebd15ee9d0,https://picsum.photos/seed/e8a79c8d-be12-4b92-88a9-bfebd15ee9d0-4/1200/800,4
e8a79c8d-be12-4b92-88a9-bfebd15ee9d0,https://picsum.photos/seed/e8a79c8d-be12-4b92-88a9-bfebd15ee9d0-5/1200/800,5
e8a79c8d-be12-4b92-88a9-bfebd15ee9d0,https://picsum.photos/seed/e8a79c8d-be12-4b92-88a9-bfebd15ee9d0-6/1200/800,6
e8a79c8d-be12-4b92-88a9-bfebd15ee9d0,https://picsum.photos/seed/e8a79c8d-be12-4b92-88a9-bfebd15ee9d0-7/1200/800,7
e8a79c8d-be12-4b92-88a9-bfebd15ee9d0,https://picsum.photos/seed/e8a79c8d-be12-4b92-88a9-bfebd15ee9d0-8/1200/800,8
e8a79c8d-be12-4b92-88a9-bfebd15ee9d0,https://picsum.photos/seed/e8a79c8d-be12-4b92-88a9-bfebd15ee9d0-9/1200/800,9
e8a79c8d-be12-4b92-88a9-bfebd15ee9d0,https://picsum.photos/seed/e8a79c8d-be12-4b92-88a9-bfebd15ee9d0-10/1200/800,10
e8a79c8d-be12-4b92-88a9-bfebd15ee9d0,https://picsum.photos/seed/e8a79c8d-be12-4b92-88a9-bfebd15ee9d0-11/1200/800,11
e8a79c8d-be12-4b92-88a9-bfebd15ee9d0,https://picsum.photos/seed/e8a79c8d-be12-4b92-88a9-bfebd15ee9d0-12/1200/800,12
e8a79c8d-be12-4b92-88a9-bfebd15ee9d0,https://picsum.photos/seed/e8a79c8d-be12-4b92-88a9-bfebd15ee9d0-13/1200/800,13
2b4df4e0-fa90-45a3-b89c-a5e93ec2ffb7,https://picsum.photos/seed/2b4df4e0-fa90-45a3-b89c-a5e93ec2ffb7-0/1200/800,0
2b4df4e0-fa90-45a3-b89c-a5e93ec2ffb7,https://picsum.photos/seed/2b4df4e0-fa90-45a3-b89c-a5e93ec2ffb7-1/1200/800,1
2b4df4e0-fa90-45a3-b89c-a5e93ec2ffb7,https://picsum.photos/seed/2b4df4e0-fa90-45a3-b89c-a5e93ec2ffb7-2/1200/800,2
2b4df4e0-fa90-45a3-b89c-a5e93ec2ffb7,https://picsum.photos/seed/2b4df4e0-fa90-45a3-b89c-a5e93ec2ffb7-3/1200/800,3
2b4df4e0-fa90-45a3-b89c-a5e93ec2ffb7,https://picsum.photos/seed/2b4df4e0-fa90-45a3-b89c-a5e93ec2ffb7-4/1200/800,4
2b4df4e0-fa90-45a3-b89c-a5e93ec2ffb7,https://picsum.photos/seed/2b4df4e0-fa90-45a3-b89c-a5e93ec2ffb7-5/1200/800,5
2b4df4e0-fa90-45a3-b89c-a5e93ec2ffb7,https://picsum.photos/seed/2b4df4e0-fa90-45a3-b89c-a5e93ec2ffb7-6/1200/800,6
2b4df4e0-fa90-45a3-b89c-a5e93ec2ffb7,https://picsum.photos/seed/2b4df4e0-fa90-45a3-b89c-a5e93ec2ffb7-7/1200/800,7
2b4df4e0-fa90-45a3-b89c-a5e93ec2ffb7,https://picsum.photos/seed/2b4df4e0-fa90-45a3-b89c-a5e93ec2ffb7-8/1200/800,8
2b4df4e0-fa90-45a3-b89c-a5e93ec2ffb7,https://picsum.photos/seed/2b4df4e0-fa90-45a3-b89c-a5e93ec2ffb7-9/1200/800,9
2b4df4e0-fa90-45a3-b89c-a5e93ec2ffb7,https://picsum.photos/seed/2b4df4e0-fa90-45a3-b89c-a5e93ec2ffb7-10/1200/800,10
b57648a4-fbd3-4325-8abc-c0208c2922c3,https://picsum.photos/seed/b57648a4-fbd3-4325-8abc-c0208c2922c3-0/1200/800,0
b57648a4-fbd3-4325-8abc-c0208c2922c3,https://picsum.photos/seed/b57648a4-fbd3-4325-8abc-c0208c2922c3-1/1200/800,1
b57648a4-fbd3-4325-8abc-c0208c2922c3,https://picsum.photos/seed/b57648a4-fbd3-4325-8abc-c0208c2922c3-2/1200/800,2
b57648a4-fbd3-4325-8abc-c0208c2922c3,https://picsum.photos/seed/b57648a4-fbd3-4325-8abc-c0208c2922c3-3/1200/800,3
b57648a4-fbd3-4325-8abc-c0208c2922c3,https://picsum.photos/seed/b57648a4-fbd3-4325-8abc-c0208c2922c3-4/1200/800,4
b57648a4-fbd3-4325-8abc-c0208c2922c3,https://picsum.photos/seed/b57648a4-fbd3-4325-8abc-c0208c2922c3-5/1200/800,5
b57648a4-fbd3-4325-8abc-c0208c2922c3,https://picsum.photos/seed/b57648a4-fbd3-4325-8abc-c0208c2922c3-6/1200/800,6
b57648a4-fbd3-4325-8abc-c0208c2922c3,https://picsum.photos/seed/b57648a4-fbd3-4325-8abc-c0208c2922c3-7/1200/800,7
b57648a4-fbd3-4325-8abc-c0208c2922c3,https://picsum.photos/seed/b57648a4-fbd3-4325-8abc-c0208c2922c3-8/1200/800,8
b57648a4-fbd3-4325-8abc-c0208c2922c3,https://picsum.photos/seed/b57648a4-fbd3-4325-8abc-c0208c2922c3-9/1200/800,9
b57648a4-fbd3-4325-8abc-c0208c2922c3,https://picsum.photos/seed/b57648a4-fbd3-4325-8abc-c0208c2922c3-10/1200/800,10
b57648a4-fbd3-4325-8abc-c0208c2922c3,https://picsum.photos/seed/b57648a4-fbd3-4325-8abc-c0208c2922c3-11/1200/800,11
215b9fa4-fbdf-4d4f-838c-cfab95f9343e,https://picsum.photos/seed/215b9fa4-fbdf-4d4f-838c-cfab95f9343e-0/1200/800,0
215b9fa4-fbdf-4d4f-838c-cfab95f9343e,https://picsum.photos/seed/215b9fa4-fbdf-4d4f-838c-cfab95f9343e-1/1200/800,1
215b9fa4-fbdf-4d4f-838c-cfab95f9343e,https://picsum.photos/seed/215b9fa4-fbdf-4d4f-838c-cfab95f9343e-2/1200/800,2
215b9fa4-fbdf-4d4f-838c-cfab95f9343e,https://picsum.photos/seed/215b9fa4-fbdf-4d4f-838c-cfab95f9343e-3/1200/800,3
215b9fa4-fbdf-4d4f-838c-cfab95f9343e,https://picsum.photos/seed/215b9fa4-fbdf-4d4f-838c-cfab95f9343e-4/1200/800,4
215b9fa4-fbdf-4d4f-838c-cfab95f9343e,https://picsum.photos/seed/215b9fa4-fbdf-4d4f-838c-cfab95f9343e-5/1200/800,5
215b9fa4-fbdf-4d4f-838c-cfab95f9343e,https://picsum.photos/seed/215b9fa4-fbdf-4d4f-838c-cfab95f9343e-6/1200/800,6
215b9fa4-fbdf-4d4f-838c-cfab95f9343e,https://picsum.photos/seed/215b9fa4-fbdf-4d4f-838c-cfab95f9343e-7/1200/800,7
215b9fa4-fbdf-4d4f-838c-cfab95f9343e,https://picsum.photos/seed/215b9fa4-fbdf-4d4f-838c-cfab95f9343e-8/1200/800,8
215b9fa4-fbdf-4d4f-838c-cfab95f9343e,https://picsum.photos/seed/215b9fa4-fbdf-4d4f-838c-cfab95f9343e-9/1200/800,9
215b9fa4-fbdf-4d4f-838c-cfab95f9343e,https://picsum.photos/seed/215b9fa4-fbdf-4d4f-838c-cfab95f9343e-10/1200/800,10
d2745978-c5d2-4356-aa36-300d546d519a,https://picsum.photos/seed/d2745978-c5d2-4356-aa36-300d546d519a-0/1200/800,0
d2745978-c5d2-4356-aa36-300d546d519a,https://picsum.photos/seed/d2745978-c5d2-4356-aa36-300d546d519a-1/1200/800,1
d2745978-c5d2-4356-aa36-300d546d519a,https://picsum.photos/seed/d2745978-c5d2-4356-aa36-300d546d519a-2/1200/800,2
d2745978-c5d2-4356-aa36-300d546d519a,https://picsum.photos/seed/d2745978-c5d2-4356-aa36-300d546d519a-3/1200/800,3
d2745978-c5d2-4356-aa36-300d546d519a,https://picsum.photos/seed/d2745978-c5d2-4356-aa36-300d546d519a-4/1200/800,4
d2745978-c5d2-4356-aa36-300d546d519a,https://picsum.photos/seed/d2745978-c5d2-4356-aa36-300d546d519a-5/1200/800,5
d2745978-c5d2-4356-aa36-300d546d519a,https://picsum.photos/seed/d2745978-c5d2-4356-aa36-300d546d519a-6/1200/800,6
d2745978-c5d2-4356-aa36-300d546d519a,https://picsum.photos/seed/d2745978-c5d2-4356-aa36-300d546d519a-7/1200/800,7
d2745978-c5d2-4356-aa36-300d546d519a,https://picsum.photos/seed/d2745978-c5d2-4356-aa36-300d546d519a-8/1200/800,8
d2745978-c5d2-4356-aa36-300d546d519a,https://picsum.photos/seed/d2745978-c5d2-4356-aa36-300d546d519a-9/1200/800,9
d2745978-c5d2-4356-aa36-300d546d519a,https://picsum.photos/seed/d2745978-c5d2-4356-aa36-300d546d519a-10/1200/800,10
d2745978-c5d2-4356-aa36-300d546d519a,https://picsum.photos/seed/d2745978-c5d2-4356-aa36-300d546d519a-11/1200/800,11
f447f61e-ea28-4fb9-92d7-0cc072688e43,https://picsum.photos/seed/f447f61e-ea28-4fb9-92d7-0cc072688e43-0/1200/800,0
f447f61e-ea28-4fb9-92d7-0cc072688e43,https://picsum.photos/seed/f447f61e-ea28-4fb9-92d7-0cc072688e43-1/1200/800,1
f447f61e-ea28-4fb9-92d7-0cc072688e43,https://picsum.photos/seed/f447f61e-ea28-4fb9-92d7-0cc072688e43-2/1200/800,2
f447f61e-ea28-4fb9-92d7-0cc072688e43,https://picsum.photos/seed/f447f61e-ea28-4fb9-92d7-0cc072688e43-3/1200/800,3
f447f61e-ea28-4fb9-92d7-0cc072688e43,https://picsum.photos/seed/f447f61e-ea28-4fb9-92d7-0cc072688e43-4/1200/800,4
f447f61e-ea28-4fb9-92d7-0cc072688e43,https://picsum.photos/seed/f447f61e-ea28-4fb9-92d7-0cc072688e43-5/1200/800,5
f447f61e-ea28-4fb9-92d7-0cc072688e43,https://picsum.photos/seed/f447f61e-ea28-4fb9-92d7-0cc072688e43-6/1200/800,6
f447f61e-ea28-4fb9-92d7-0cc072688e43,https://picsum.photos/seed/f447f61e-ea28-4fb9-92d7-0cc072688e43-7/1200/800,7
f447f61e-ea28-4fb9-92d7-0cc072688e43,https://picsum.photos/seed/f447f61e-ea28-4fb9-92d7-0cc072688e43-8/1200/800,8
a4a8638a-1d7e-473b-ac05-7ff8d0495efe,https://picsum.photos/seed/a4a8638a-1d7e-473b-ac05-7ff8d0495efe-0/1200/800,0
a4a8638a-1d7e-473b-ac05-7ff8d0495efe,https://picsum.photos/seed/a4a8638a-1d7e-473b-ac05-7ff8d0495efe-1/1200/800,1
a4a8638a-1d7e-473b-ac05-7ff8d0495efe,https://picsum.photos/seed/a4a8638a-1d7e-473b-ac05-7ff8d0495efe-2/1200/800,2
a4a8638a-1d7e-473b-ac05-7ff8d0495efe,https://picsum.photos/seed/a4a8638a-1d7e-473b-ac05-7ff8d0495efe-3/1200/800,3
a4a8638a-1d7e-473b-ac05-7ff8d0495efe,https://picsum.photos/seed/a4a8638a-1d7e-473b-ac05-7ff8d0495efe-4/1200/800,4
a4a8638a-1d7e-473b-ac05-7ff8d0495efe,https://picsum.photos/seed/a4a8638a-1d7e-473b-ac05-7ff8d0495efe-5/1200/800,5
a4a8638a-1d7e-473b-ac05-7ff8d0495efe,https://picsum.photos/seed/a4a8638a-1d7e-473b-ac05-7ff8d0495efe-6/1200/800,6
a4a8638a-1d7e-473b-ac05-7ff8d0495efe,https://picsum.photos/seed/a4a8638a-1d7e-473b-ac05-7ff8d0495efe-7/1200/800,7
a4a8638a-1d7e-473b-ac05-7ff8d0495efe,https://picsum.photos/seed/a4a8638a-1d7e-473b-ac05-7ff8d0495efe-8/1200/800,8
a4a8638a-1d7e-473b-ac05-7ff8d0495efe,https://picsum.photos/seed/a4a8638a-1d7e-473b-ac05-7ff8d0495efe-9/1200/800,9
a4a8638a-1d7e-473b-ac05-7ff8d0495efe,https://picsum.photos/seed/a4a8638a-1d7e-473b-ac05-7ff8d0495efe-10/1200/800,10
a4a8638a-1d7e-473b-ac05-7ff8d0495efe,https://picsum.photos/seed/a4a8638a-1d7e-473b-ac05-7ff8d0495efe-11/1200/800,11
a4a8638a-1d7e-473b-ac05-7ff8d0495efe,https://picsum.photos/seed/a4a8638a-1d7e-473b-ac05-7ff8d0495efe-12/1200/800,12
2e5236a7-60bf-48f1-9bce-ba29d286f2e4,https://picsum.photos/seed/2e5236a7-60bf-48f1-9bce-ba29d286f2e4-0/1200/800,0
2e5236a7-60bf-48f1-9bce-ba29d286f2e4,https://picsum.photos/seed/2e5236a7-60bf-48f1-9bce-ba29d286f2e4-1/1200/800,1
2e5236a7-60bf-48f1-9bce-ba29d286f2e4,https://picsum.photos/seed/2e5236a7-60bf-48f1-9bce-ba29d286f2e4-2/1200/800,2
2e5236a7-60bf-48f1-9bce-ba29d286f2e4,https://picsum.photos/seed/2e5236a7-60bf-48f1-9bce-ba29d286f2e4-3/1200/800,3
2e5236a7-60bf-48f1-9bce-ba29d286f2e4,https://picsum.photos/seed/2e5236a7-60bf-48f1-9bce-ba29d286f2e4-4/1200/800,4
1c074154-3ecd-4a13-906f-7e50476dfda1,https://picsum.photos/seed/1c074154-3ecd-4a13-906f-7e50476dfda1-0/1200/800,0
1c074154-3ecd-4a13-906f-7e50476dfda1,https://picsum.photos/seed/1c074154-3ecd-4a13-906f-7e50476dfda1-1/1200/800,1
1c074154-3ecd-4a13-906f-7e50476dfda1,https://picsum.photos/seed/1c074154-3ecd-4a13-906f-7e50476dfda1-2/1200/800,2
1c074154-3ecd-4a13-906f-7e50476dfda1,https://picsum.photos/seed/1c074154-3ecd-4a13-906f-7e50476dfda1-3/1200/800,3
1c074154-3ecd-4a13-906f-7e50476dfda1,https://picsum.photos/seed/1c074154-3ecd-4a13-906f-7e50476dfda1-4/1200/800,4
1c074154-3ecd-4a13-906f-7e50476dfda1,https://picsum.photos/seed/1c074154-3ecd-4a13-906f-7e50476dfda1-5/1200/800,5
1c074154-3ecd-4a13-906f-7e50476dfda1,https://picsum.photos/seed/1c074154-3ecd-4a13-906f-7e50476dfda1-6/1200/800,6
1c074154-3ecd-4a13-906f-7e50476dfda1,https://picsum.photos/seed/1c074154-3ecd-4a13-906f-7e50476dfda1-7/1200/800,7
1c074154-3ecd-4a13-906f-7e50476dfda1,https://picsum.photos/seed/1c074154-3ecd-4a13-906f-7e50476dfda1-8/1200/800,8
1c074154-3ecd-4a13-906f-7e50476dfda1,https://picsum.photos/seed/1c074154-3ecd-4a13-906f-7e50476dfda1-9/1200/800,9
9e62c61c-d746-4922-b430-acc1404570f9,https://picsum.photos/seed/9e62c61c-d746-4922-b430-acc1404570f9-0/1200/800,0
9e62c61c-d746-4922-b430-acc1404570f9,https://picsum.photos/seed/9e62c61c-d746-4922-b430-acc1404570f9-1/1200/800,1
9e62c61c-d746-4922-b430-acc1404570f9,https://picsum.photos/seed/9e62c61c-d746-4922-b430-acc1404570f9-2/1200/800,2
9e62c61c-d746-4922-b430-acc1404570f9,https://picsum.photos/seed/9e62c61c-d746-4922-b430-acc1404570f9-3/1200/800,3
9e62c61c-d746-4922-b430-acc1404570f9,https://picsum.photos/seed/9e62c61c-d746-4922-b430-acc1404570f9-4/1200/800,4
9e62c61c-d746-4922-b430-acc1404570f9,https://picsum.photos/seed/9e62c61c-d746-4922-b430-acc1404570f9-5/1200/800,5
9e62c61c-d746-4922-b430-acc1404570f9,https://picsum.photos/seed/9e62c61c-d746-4922-b430-acc1404570f9-6/1200/800,6
9e62c61c-d746-4922-b430-acc1404570f9,https://picsum.photos/seed/9e62c61c-d746-4922-b430-acc1404570f9-7/1200/800,7
9e62c61c-d746-4922-b430-acc1404570f9,https://picsum.photos/seed/9e62c61c-d746-4922-b430-acc1404570f9-8/1200/800,8
9e62c61c-d746-4922-b430-acc1404570f9,https://picsum.photos/seed/9e62c61c-d746-4922-b430-acc1404570f9-9/1200/800,9
9e62c61c-d746-4922-b430-acc1404570f9,https://picsum.photos/seed/9e62c61c-d746-4922-b430-acc1404570f9-10/1200/800,10
9e62c61c-d746-4922-b430-acc1404570f9,https://picsum.photos/seed/9e62c61c-d746-4922-b430-acc1404570f9-11/1200/800,11
9e62c61c-d746-4922-b430-acc1404570f9,https://picsum.photos/seed/9e62c61c-d746-4922-b430-acc1404570f9-12/1200/800,12
912669d1-9d6b-4858-920a-291fc0c95a79,https://picsum.photos/seed/912669d1-9d6b-4858-920a-291fc0c95a79-0/1200/800,0
912669d1-9d6b-4858-920a-291fc0c95a79,https://picsum.photos/seed/912669d1-9d6b-4858-920a-291fc0c95a79-1/1200/800,1
912669d1-9d6b-4858-920a-291fc0c95a79,https://picsum.photos/seed/912669d1-9d6b-4858-920a-291fc0c95a79-2/1200/800,2
912669d1-9d6b-4858-920a-291fc0c95a79,https://picsum.photos/seed/912669d1-9d6b-4858-920a-291fc0c95a79-3/1200/800,3
912669d1-9d6b-4858-920a-291fc0c95a79,https://picsum.photos/seed/912669d1-9d6b-4858-920a-291fc0c95a79-4/1200/800,4
912669d1-9d6b-4858-920a-291fc0c95a79,https://picsum.photos/seed/912669d1-9d6b-4858-920a-291fc0c95a79-5/1200/800,5
912669d1-9d6b-4858-920a-291fc0c95a79,https://picsum.photos/seed/912669d1-9d6b-4858-920a-291fc0c95a79-6/1200/800,6
912669d1-9d6b-4858-920a-291fc0c95a79,https://picsum.photos/seed/912669d1-9d6b-4858-920a-291fc0c95a79-7/1200/800,7
912669d1-9d6b-4858-920a-291fc0c95a79,https://picsum.photos/seed/912669d1-9d6b-4858-920a-291fc0c95a79-8/1200/800,8
912669d1-9d6b-4858-920a-291fc0c95a79,https://picsum.photos/seed/912669d1-9d6b-4858-920a-291fc0c95a79-9/1200/800,9
f2887f53-793b-47da-ae05-b2218bbbd0c0,https://picsum.photos/seed/f2887f53-793b-47da-ae05-b2218bbbd0c0-0/1200/800,0
f2887f53-793b-47da-ae05-b2218bbbd0c0,https://picsum.photos/seed/f2887f53-793b-47da-ae05-b2218bbbd0c0-1/1200/800,1
f2887f53-793b-47da-ae05-b2218bbbd0c0,https://picsum.photos/seed/f2887f53-793b-47da-ae05-b2218bbbd0c0-2/1200/800,2
f2887f53-793b-47da-ae05-b2218bbbd0c0,https://picsum.photos/seed/f2887f53-793b-47da-ae05-b2218bbbd0c0-3/1200/800,3
f2887f53-793b-47da-ae05-b2218bbbd0c0,https://picsum.photos/seed/f2887f53-793b-47da-ae05-b2218bbbd0c0-4/1200/800,4
f2887f53-793b-47da-ae05-b2218bbbd0c0,https://picsum.photos/seed/f2887f53-793b-47da-ae05-b2218bbbd0c0-5/1200/800,5
f2887f53-793b-47da-ae05-b2218bbbd0c0,https://picsum.photos/seed/f2887f53-793b-47da-ae05-b2218bbbd0c0-6/1200/800,6
f2887f53-793b-47da-ae05-b2218bbbd0c0,https://picsum.photos/seed/f2887f53-793b-47da-ae05-b2218bbbd0c0-7/1200/800,7
f2887f53-793b-47da-ae05-b2218bbbd0c0,https://picsum.photos/seed/f2887f53-793b-47da-ae05-b2218bbbd0c0-8/1200/800,8
f2887f53-793b-47da-ae05-b2218bbbd0c0,https://picsum.photos/seed/f2887f53-793b-47da-ae05-b2218bbbd0c0-9/1200/800,9
f2887f53-793b-47da-ae05-b2218bbbd0c0,https://picsum.photos/seed/f2887f53-793b-47da-ae05-b2218bbbd0c0-10/1200/800,10
c2cb3a27-cc3b-41ed-9b29-b9df8a63bd98,https://picsum.photos/seed/c2cb3a27-cc3b-41ed-9b29-b9df8a63bd98-0/1200/800,0
c2cb3a27-cc3b-41ed-9b29-b9df8a63bd98,https://picsum.photos/seed/c2cb3a27-cc3b-41ed-9b29-b9df8a63bd98-1/1200/800,1
c2cb3a27-cc3b-41ed-9b29-b9df8a63bd98,https://picsum.photos/seed/c2cb3a27-cc3b-41ed-9b29-b9df8a63bd98-2/1200/800,2
c2cb3a27-cc3b-41ed-9b29-b9df8a63bd98,https://picsum.photos/seed/c2cb3a27-cc3b-41ed-9b29-b9df8a63bd98-3/1200/800,3
c2cb3a27-cc3b-41ed-9b29-b9df8a63bd98,https://picsum.photos/seed/c2cb3a27-cc3b-41ed-9b29-b9df8a63bd98-4/1200/800,4
c2cb3a27-cc3b-41ed-9b29-b9df8a63bd98,https://picsum.photos/seed/c2cb3a27-cc3b-41ed-9b29-b9df8a63bd98-5/1200/800,5
c2cb3a27-cc3b-41ed-9b29-b9df8a63bd98,https://picsum.photos/seed/c2cb3a27-cc3b-41ed-9b29-b9df8a63bd98-6/1200/800,6
c2cb3a27-cc3b-41ed-9b29-b9df8a63bd98,https://picsum.photos/seed/c2cb3a27-cc3b-41ed-9b29-b9df8a63bd98-7/1200/800,7
c2cb3a27-cc3b-41ed-9b29-b9df8a63bd98,https://picsum.photos/seed/c2cb3a27-cc3b-41ed-9b29-b9df8a63bd98-8/1200/800,8
c2cb3a27-cc3b-41ed-9b29-b9df8a63bd98,https://picsum.photos/seed/c2cb3a27-cc3b-41ed-9b29-b9df8a63bd98-9/1200/800,9
c2cb3a27-cc3b-41ed-9b29-b9df8a63bd98,https://picsum.photos/seed/c2cb3a27-cc3b-41ed-9b29-b9df8a63bd98-10/1200/800,10
f4b2a723-d976-478c-932f-25906f0e70bc,https://picsum.photos/seed/f4b2a723-d976-478c-932f-25906f0e70bc-0/1200/800,0
f4b2a723-d976-478c-932f-25906f0e70bc,https://picsum.photos/seed/f4b2a723-d976-478c-932f-25906f0e70bc-1/1200/800,1
f4b2a723-d976-478c-932f-25906f0e70bc,https://picsum.photos/seed/f4b2a723-d976-478c-932f-25906f0e70bc-2/1200/800,2
f4b2a723-d976-478c-932f-25906f0e70bc,https://picsum.photos/seed/f4b2a723-d976-478c-932f-25906f0e70bc-3/1200/800,3
f4b2a723-d976-478c-932f-25906f0e70bc,https://picsum.photos/seed/f4b2a723-d976-478c-932f-25906f0e70bc-4/1200/800,4
f4b2a723-d976-478c-932f-25906f0e70bc,https://picsum.photos/seed/f4b2a723-d976-478c-932f-25906f0e70bc-5/1200/800,5
f4b2a723-d976-478c-932f-25906f0e70bc,https://picsum.photos/seed/f4b2a723-d976-478c-932f-25906f0e70bc-6/1200/800,6
7fe28e2b-1091-440c-9dd5-921eb4bdaf10,https://picsum.photos/seed/7fe28e2b-1091-440c-9dd5-921eb4bdaf10-0/1200/800,0
7fe28e2b-1091-440c-9dd5-921eb4bdaf10,https://picsum.photos/seed/7fe28e2b-1091-440c-9dd5-921eb4bdaf10-1/1200/800,1
7fe28e2b-1091-440c-9dd5-921eb4bdaf10,https://picsum.photos/seed/7fe28e2b-1091-440c-9dd5-921eb4bdaf10-2/1200/800,2
7fe28e2b-1091-440c-9dd5-921eb4bdaf10,https://picsum.photos/seed/7fe28e2b-1091-440c-9dd5-921eb4bdaf10-3/1200/800,3
7fe28e2b-1091-440c-9dd5-921eb4bdaf10,https://picsum.photos/seed/7fe28e2b-1091-440c-9dd5-921eb4bdaf10-4/1200/800,4
7fe28e2b-1091-440c-9dd5-921eb4bdaf10,https://picsum.photos/seed/7fe28e2b-1091-440c-9dd5-921eb4bdaf10-5/1200/800,5
7fe28e2b-1091-440c-9dd5-921eb4bdaf10,https://picsum.photos/seed/7fe28e2b-1091-440c-9dd5-921eb4bdaf10-6/1200/800,6
7fe28e2b-1091-440c-9dd5-921eb4bdaf10,https://picsum.photos/seed/7fe28e2b-1091-440c-9dd5-921eb4bdaf10-7/1200/800,7
b4d0bd04-1a84-4d86-84b7-c827e93fb3fc,https://picsum.photos/seed/b4d0bd04-1a84-4d86-84b7-c827e93fb3fc-0/1200/800,0
b4d0bd04-1a84-4d86-84b7-c827e93fb3fc,https://picsum.photos/seed/b4d0bd04-1a84-4d86-84b7-c827e93fb3fc-1/1200/800,1
b4d0bd04-1a84-4d86-84b7-c827e93fb3fc,https://picsum.photos/seed/b4d0bd04-1a84-4d86-84b7-c827e93fb3fc-2/1200/800,2
b4d0bd04-1a84-4d86-84b7-c827e93fb3fc,https://picsum.photos/seed/b4d0bd04-1a84-4d86-84b7-c827e93fb3fc-3/1200/800,3
b4d0bd04-1a84-4d86-84b7-c827e93fb3fc,https://picsum.photos/seed/b4d0bd04-1a84-4d86-84b7-c827e93fb3fc-4/1200/800,4
b4d0bd04-1a84-4d86-84b7-c827e93fb3fc,https://picsum.photos/seed/b4d0bd04-1a84-4d86-84b7-c827e93fb3fc-5/1200/800,5
b4d0bd04-1a84-4d86-84b7-c827e93fb3fc,https://picsum.photos/seed/b4d0bd04-1a84-4d86-84b7-c827e93fb3fc-6/1200/800,6
b4d0bd04-1a84-4d86-84b7-c827e93fb3fc,https://picsum.photos/seed/b4d0bd04-1a84-4d86-84b7-c827e93fb3fc-7/1200/800,7
b4d0bd04-1a84-4d86-84b7-c827e93fb3fc,https://picsum.photos/seed/b4d0bd04-1a84-4d86-84b7-c827e93fb3fc-8/1200/800,8
b4d0bd04-1a84-4d86-84b7-c827e93fb3fc,https://picsum.photos/seed/b4d0bd04-1a84-4d86-84b7-c827e93fb3fc-9/1200/800,9
b4d0bd04-1a84-4d86-84b7-c827e93fb3fc,https://picsum.photos/seed/b4d0bd04-1a84-4d86-84b7-c827e93fb3fc-10/1200/800,10
b4d0bd04-1a84-4d86-84b7-c827e93fb3fc,https://picsum.photos/seed/b4d0bd04-1a84-4d86-84b7-c827e93fb3fc-11/1200/800,11
b4d0bd04-1a84-4d86-84b7-c827e93fb3fc,https://picsum.photos/seed/b4d0bd04-1a84-4d86-84b7-c827e93fb3fc-12/1200/800,12
145696d2-195b-4fda-bc3e-f1109261bda3,https://picsum.photos/seed/145696d2-195b-4fda-bc3e-f1109261bda3-0/1200/800,0
145696d2-195b-4fda-bc3e-f1109261bda3,https://picsum.photos/seed/145696d2-195b-4fda-bc3e-f1109261bda3-1/1200/800,1
145696d2-195b-4fda-bc3e-f1109261bda3,https://picsum.photos/seed/145696d2-195b-4fda-bc3e-f1109261bda3-2/1200/800,2
145696d2-195b-4fda-bc3e-f1109261bda3,https://picsum.photos/seed/145696d2-195b-4fda-bc3e-f1109261bda3-3/1200/800,3
145696d2-195b-4fda-bc3e-f1109261bda3,https://picsum.photos/seed/145696d2-195b-4fda-bc3e-f1109261bda3-4/1200/800,4
145696d2-195b-4fda-bc3e-f1109261bda3,https://picsum.photos/seed/145696d2-195b-4fda-bc3e-f1109261bda3-5/1200/800,5
145696d2-195b-4fda-bc3e-f1109261bda3,https://picsum.photos/seed/145696d2-195b-4fda-bc3e-f1109261bda3-6/1200/800,6
145696d2-195b-4fda-bc3e-f1109261bda3,https://picsum.photos/seed/145696d2-195b-4fda-bc3e-f1109261bda3-7/1200/800,7
0446503d-f891-4ed5-a1ae-e4d01c250f7b,https://picsum.photos/seed/0446503d-f891-4ed5-a1ae-e4d01c250f7b-0/1200/800,0
0446503d-f891-4ed5-a1ae-e4d01c250f7b,https://picsum.photos/seed/0446503d-f891-4ed5-a1ae-e4d01c250f7b-1/1200/800,1
0446503d-f891-4ed5-a1ae-e4d01c250f7b,https://picsum.photos/seed/0446503d-f891-4ed5-a1ae-e4d01c250f7b-2/1200/800,2
0446503d-f891-4ed5-a1ae-e4d01c250f7b,https://picsum.photos/seed/0446503d-f891-4ed5-a1ae-e4d01c250f7b-3/1200/800,3
0446503d-f891-4ed5-a1ae-e4d01c250f7b,https://picsum.photos/seed/0446503d-f891-4ed5-a1ae-e4d01c250f7b-4/1200/800,4
0446503d-f891-4ed5-a1ae-e4d01c250f7b,https://picsum.photos/seed/0446503d-f891-4ed5-a1ae-e4d01c250f7b-5/1200/800,5
0446503d-f891-4ed5-a1ae-e4d01c250f7b,https://picsum.photos/seed/0446503d-f891-4ed5-a1ae-e4d01c250f7b-6/1200/800,6
0446503d-f891-4ed5-a1ae-e4d01c250f7b,https://picsum.photos/seed/0446503d-f891-4ed5-a1ae-e4d01c250f7b-7/1200/800,7
0446503d-f891-4ed5-a1ae-e4d01c250f7b,https://picsum.photos/seed/0446503d-f891-4ed5-a1ae-e4d01c250f7b-8/1200/800,8
0446503d-f891-4ed5-a1ae-e4d01c250f7b,https://picsum.photos/seed/0446503d-f891-4ed5-a1ae-e4d01c250f7b-9/1200/800,9
0446503d-f891-4ed5-a1ae-e4d01c250f7b,https://picsum.photos/seed/0446503d-f891-4ed5-a1ae-e4d01c250f7b-10/1200/800,10
0446503d-f891-4ed5-a1ae-e4d01c250f7b,https://picsum.photos/seed/0446503d-f891-4ed5-a1ae-e4d01c250f7b-11/1200/800,11
0446503d-f891-4ed5-a1ae-e4d01c250f7b,https://picsum.photos/seed/0446503d-f891-4ed5-a1ae-e4d01c250f7b-12/1200/800,12
0446503d-f891-4ed5-a1ae-e4d01c250f7b,https://picsum.photos/seed/0446503d-f891-4ed5-a1ae-e4d01c250f7b-13/1200/800,13
2be93dab-642f-4bb4-9c9d-bbc5f2ffc146,https://picsum.photos/seed/2be93dab-642f-4bb4-9c9d-bbc5f2ffc146-0/1200/800,0
2be93dab-642f-4bb4-9c9d-bbc5f2ffc146,https://picsum.photos/seed/2be93dab-642f-4bb4-9c9d-bbc5f2ffc146-1/1200/800,1
2be93dab-642f-4bb4-9c9d-bbc5f2ffc146,https://picsum.photos/seed/2be93dab-642f-4bb4-9c9d-bbc5f2ffc146-2/1200/800,2
2be93dab-642f-4bb4-9c9d-bbc5f2ffc146,https://picsum.photos/seed/2be93dab-642f-4bb4-9c9d-bbc5f2ffc146-3/1200/800,3
2be93dab-642f-4bb4-9c9d-bbc5f2ffc146,https://picsum.photos/seed/2be93dab-642f-4bb4-9c9d-bbc5f2ffc146-4/1200/800,4
2be93dab-642f-4bb4-9c9d-bbc5f2ffc146,https://picsum.photos/seed/2be93dab-642f-4bb4-9c9d-bbc5f2ffc146-5/1200/800,5
2be93dab-642f-4bb4-9c9d-bbc5f2ffc146,https://picsum.photos/seed/2be93dab-642f-4bb4-9c9d-bbc5f2ffc146-6/1200/800,6
2be93dab-642f-4bb4-9c9d-bbc5f2ffc146,https://picsum.photos/seed/2be93dab-642f-4bb4-9c9d-bbc5f2ffc146-7/1200/800,7
2be93dab-642f-4bb4-9c9d-bbc5f2ffc146,https://picsum.photos/seed/2be93dab-642f-4bb4-9c9d-bbc5f2ffc146-8/1200/800,8
6ed1d15e-a0e5-4bd6-91f8-0f6a58cffe06,https://picsum.photos/seed/6ed1d15e-a0e5-4bd6-91f8-0f6a58cffe06-0/1200/800,0
6ed1d15e-a0e5-4bd6-91f8-0f6a58cffe06,https://picsum.photos/seed/6ed1d15e-a0e5-4bd6-91f8-0f6a58cffe06-1/1200/800,1
6ed1d15e-a0e5-4bd6-91f8-0f6a58cffe06,https://picsum.photos/seed/6ed1d15e-a0e5-4bd6-91f8-0f6a58cffe06-2/1200/800,2
6ed1d15e-a0e5-4bd6-91f8-0f6a58cffe06,https://picsum.photos/seed/6ed1d15e-a0e5-4bd6-91f8-0f6a58cffe06-3/1200/800,3
6ed1d15e-a0e5-4bd6-91f8-0f6a58cffe06,https://picsum.photos/seed/6ed1d15e-a0e5-4bd6-91f8-0f6a58cffe06-4/1200/800,4
6ed1d15e-a0e5-4bd6-91f8-0f6a58cffe06,https://picsum.photos/seed/6ed1d15e-a0e5-4bd6-91f8-0f6a58cffe06-5/1200/800,5
6ed1d15e-a0e5-4bd6-91f8-0f6a58cffe06,https://picsum.photos/seed/6ed1d15e-a0e5-4bd6-91f8-0f6a58cffe06-6/1200/800,6
6ed1d15e-a0e5-4bd6-91f8-0f6a58cffe06,https://picsum.photos/seed/6ed1d15e-a0e5-4bd6-91f8-0f6a58cffe06-7/1200/800,7
6ed1d15e-a0e5-4bd6-91f8-0f6a58cffe06,https://picsum.photos/seed/6ed1d15e-a0e5-4bd6-91f8-0f6a58cffe06-8/1200/800,8
6ed1d15e-a0e5-4bd6-91f8-0f6a58cffe06,https://picsum.photos/seed/6ed1d15e-a0e5-4bd6-91f8-0f6a58cffe06-9/1200/800,9
6ed1d15e-a0e5-4bd6-91f8-0f6a58cffe06,https://picsum.photos/seed/6ed1d15e-a0e5-4bd6-91f8-0f6a58cffe06-10/1200/800,10
6ed1d15e-a0e5-4bd6-91f8-0f6a58cffe06,https://picsum.photos/seed/6ed1d15e-a0e5-4bd6-91f8-0f6a58cffe06-11/1200/800,11
6ed1d15e-a0e5-4bd6-91f8-0f6a58cffe06,https://picsum.photos/seed/6ed1d15e-a0e5-4bd6-91f8-0f6a58cffe06-12/1200/800,12
91b2081e-f471-4e4e-844d-b5357bf59ad0,https://picsum.photos/seed/91b2081e-f471-4e4e-844d-b5357bf59ad0-0/1200/800,0
91b2081e-f471-4e4e-844d-b5357bf59ad0,https://picsum.photos/seed/91b2081e-f471-4e4e-844d-b5357bf59ad0-1/1200/800,1
91b2081e-f471-4e4e-844d-b5357bf59ad0,https://picsum.photos/seed/91b2081e-f471-4e4e-844d-b5357bf59ad0-2/1200/800,2
91b2081e-f471-4e4e-844d-b5357bf59ad0,https://picsum.photos/seed/91b2081e-f471-4e4e-844d-b5357bf59ad0-3/1200/800,3
91b2081e-f471-4e4e-844d-b5357bf59ad0,https://picsum.photos/seed/91b2081e-f471-4e4e-844d-b5357bf59ad0-4/1200/800,4
91b2081e-f471-4e4e-844d-b5357bf59ad0,https://picsum.photos/seed/91b2081e-f471-4e4e-844d-b5357bf59ad0-5/1200/800,5
91b2081e-f471-4e4e-844d-b5357bf59ad0,https://picsum.photos/seed/91b2081e-f471-4e4e-844d-b5357bf59ad0-6/1200/800,6
91b2081e-f471-4e4e-844d-b5357bf59ad0,https://picsum.photos/seed/91b2081e-f471-4e4e-844d-b5357bf59ad0-7/1200/800,7
91b2081e-f471-4e4e-844d-b5357bf59ad0,https://picsum.photos/seed/91b2081e-f471-4e4e-844d-b5357bf59ad0-8/1200/800,8
91b2081e-f471-4e4e-844d-b5357bf59ad0,https://picsum.photos/seed/91b2081e-f471-4e4e-844d-b5357bf59ad0-9/1200/800,9
91b2081e-f471-4e4e-844d-b5357bf59ad0,https://picsum.photos/seed/91b2081e-f471-4e4e-844d-b5357bf59ad0-10/1200/800,10
91b2081e-f471-4e4e-844d-b5357bf59ad0,https://picsum.photos/seed/91b2081e-f471-4e4e-844d-b5357bf59ad0-11/1200/800,11
91b2081e-f471-4e4e-844d-b5357bf59ad0,https://picsum.photos/seed/91b2081e-f471-4e4e-844d-b5357bf59ad0-12/1200/800,12
91b2081e-f471-4e4e-844d-b5357bf59ad0,https://picsum.photos/seed/91b2081e-f471-4e4e-844d-b5357bf59ad0-13/1200/800,13
91b2081e-f471-4e4e-844d-b5357bf59ad0,https://picsum.photos/seed/91b2081e-f471-4e4e-844d-b5357bf59ad0-14/1200/800,14
18d92760-8854-4dec-80c2-0896c785684d,https://picsum.photos/seed/18d92760-8854-4dec-80c2-0896c785684d-0/1200/800,0
18d92760-8854-4dec-80c2-0896c785684d,https://picsum.photos/seed/18d92760-8854-4dec-80c2-0896c785684d-1/1200/800,1
18d92760-8854-4dec-80c2-0896c785684d,https://picsum.photos/seed/18d92760-8854-4dec-80c2-0896c785684d-2/1200/800,2
18d92760-8854-4dec-80c2-0896c785684d,https://picsum.photos/seed/18d92760-8854-4dec-80c2-0896c785684d-3/1200/800,3
18d92760-8854-4dec-80c2-0896c785684d,https://picsum.photos/seed/18d92760-8854-4dec-80c2-0896c785684d-4/1200/800,4
18d92760-8854-4dec-80c2-0896c785684d,https://picsum.photos/seed/18d92760-8854-4dec-80c2-0896c785684d-5/1200/800,5
18d92760-8854-4dec-80c2-0896c785684d,https://picsum.photos/seed/18d92760-8854-4dec-80c2-0896c785684d-6/1200/800,6
18d92760-8854-4dec-80c2-0896c785684d,https://picsum.photos/seed/18d92760-8854-4dec-80c2-0896c785684d-7/1200/800,7
18d92760-8854-4dec-80c2-0896c785684d,https://picsum.photos/seed/18d92760-8854-4dec-80c2-0896c785684d-8/1200/800,8
18d92760-8854-4dec-80c2-0896c785684d,https://picsum.photos/seed/18d92760-8854-4dec-80c2-0896c785684d-9/1200/800,9
18d92760-8854-4dec-80c2-0896c785684d,https://picsum.photos/seed/18d92760-8854-4dec-80c2-0896c785684d-10/1200/800,10
18d92760-8854-4dec-80c2-0896c785684d,https://picsum.photos/seed/18d92760-8854-4dec-80c2-0896c785684d-11/1200/800,11
38648bb6-36c3-44bf-ac8b-d537d238cfcd,https://picsum.photos/seed/38648bb6-36c3-44bf-ac8b-d537d238cfcd-0/1200/800,0
38648bb6-36c3-44bf-ac8b-d537d238cfcd,https://picsum.photos/seed/38648bb6-36c3-44bf-ac8b-d537d238cfcd-1/1200/800,1
38648bb6-36c3-44bf-ac8b-d537d238cfcd,https://picsum.photos/seed/38648bb6-36c3-44bf-ac8b-d537d238cfcd-2/1200/800,2
38648bb6-36c3-44bf-ac8b-d537d238cfcd,https://picsum.photos/seed/38648bb6-36c3-44bf-ac8b-d537d238cfcd-3/1200/800,3
38648bb6-36c3-44bf-ac8b-d537d238cfcd,https://picsum.photos/seed/38648bb6-36c3-44bf-ac8b-d537d238cfcd-4/1200/800,4
38648bb6-36c3-44bf-ac8b-d537d238cfcd,https://picsum.photos/seed/38648bb6-36c3-44bf-ac8b-d537d238cfcd-5/1200/800,5
38648bb6-36c3-44bf-ac8b-d537d238cfcd,https://picsum.photos/seed/38648bb6-36c3-44bf-ac8b-d537d238cfcd-6/1200/800,6
e31ef646-71d2-4803-a640-db65935e0cc4,https://picsum.photos/seed/e31ef646-71d2-4803-a640-db65935e0cc4-0/1200/800,0
e31ef646-71d2-4803-a640-db65935e0cc4,https://picsum.photos/seed/e31ef646-71d2-4803-a640-db65935e0cc4-1/1200/800,1
e31ef646-71d2-4803-a640-db65935e0cc4,https://picsum.photos/seed/e31ef646-71d2-4803-a640-db65935e0cc4-2/1200/800,2
e31ef646-71d2-4803-a640-db65935e0cc4,https://picsum.photos/seed/e31ef646-71d2-4803-a640-db65935e0cc4-3/1200/800,3
e31ef646-71d2-4803-a640-db65935e0cc4,https://picsum.photos/seed/e31ef646-71d2-4803-a640-db65935e0cc4-4/1200/800,4
e31ef646-71d2-4803-a640-db65935e0cc4,https://picsum.photos/seed/e31ef646-71d2-4803-a640-db65935e0cc4-5/1200/800,5
e31ef646-71d2-4803-a640-db65935e0cc4,https://picsum.photos/seed/e31ef646-71d2-4803-a640-db65935e0cc4-6/1200/800,6
e31ef646-71d2-4803-a640-db65935e0cc4,https://picsum.photos/seed/e31ef646-71d2-4803-a640-db65935e0cc4-7/1200/800,7
e31ef646-71d2-4803-a640-db65935e0cc4,https://picsum.photos/seed/e31ef646-71d2-4803-a640-db65935e0cc4-8/1200/800,8
e31ef646-71d2-4803-a640-db65935e0cc4,https://picsum.photos/seed/e31ef646-71d2-4803-a640-db65935e0cc4-9/1200/800,9
e31ef646-71d2-4803-a640-db65935e0cc4,https://picsum.photos/seed/e31ef646-71d2-4803-a640-db65935e0cc4-10/1200/800,10
e31ef646-71d2-4803-a640-db65935e0cc4,https://picsum.photos/seed/e31ef646-71d2-4803-a640-db65935e0cc4-11/1200/800,11
e31ef646-71d2-4803-a640-db65935e0cc4,https://picsum.photos/seed/e31ef646-71d2-4803-a640-db65935e0cc4-12/1200/800,12
e31ef646-71d2-4803-a640-db65935e0cc4,https://picsum.photos/seed/e31ef646-71d2-4803-a640-db65935e0cc4-13/1200/800,13
7796e3bc-eed3-4598-be79-38aeabd317c4,https://picsum.photos/seed/7796e3bc-eed3-4598-be79-38aeabd317c4-0/1200/800,0
7796e3bc-eed3-4598-be79-38aeabd317c4,https://picsum.photos/seed/7796e3bc-eed3-4598-be79-38aeabd317c4-1/1200/800,1
7796e3bc-eed3-4598-be79-38aeabd317c4,https://picsum.photos/seed/7796e3bc-eed3-4598-be79-38aeabd317c4-2/1200/800,2
7796e3bc-eed3-4598-be79-38aeabd317c4,https://picsum.photos/seed/7796e3bc-eed3-4598-be79-38aeabd317c4-3/1200/800,3
7796e3bc-eed3-4598-be79-38aeabd317c4,https://picsum.photos/seed/7796e3bc-eed3-4598-be79-38aeabd317c4-4/1200/800,4
7796e3bc-eed3-4598-be79-38aeabd317c4,https://picsum.photos/seed/7796e3bc-eed3-4598-be79-38aeabd317c4-5/1200/800,5
7796e3bc-eed3-4598-be79-38aeabd317c4,https://picsum.photos/seed/7796e3bc-eed3-4598-be79-38aeabd317c4-6/1200/800,6
7796e3bc-eed3-4598-be79-38aeabd317c4,https://picsum.photos/seed/7796e3bc-eed3-4598-be79-38aeabd317c4-7/1200/800,7
7796e3bc-eed3-4598-be79-38aeabd317c4,https://picsum.photos/seed/7796e3bc-eed3-4598-be79-38aeabd317c4-8/1200/800,8
7796e3bc-eed3-4598-be79-38aeabd317c4,https://picsum.photos/seed/7796e3bc-eed3-4598-be79-38aeabd317c4-9/1200/800,9
e8fd2a5d-f07f-48fd-99d3-501e6d65b04c,https://picsum.photos/seed/e8fd2a5d-f07f-48fd-99d3-501e6d65b04c-0/1200/800,0
e8fd2a5d-f07f-48fd-99d3-501e6d65b04c,https://picsum.photos/seed/e8fd2a5d-f07f-48fd-99d3-501e6d65b04c-1/1200/800,1
e8fd2a5d-f07f-48fd-99d3-501e6d65b04c,https://picsum.photos/seed/e8fd2a5d-f07f-48fd-99d3-501e6d65b04c-2/1200/800,2
e8fd2a5d-f07f-48fd-99d3-501e6d65b04c,https://picsum.photos/seed/e8fd2a5d-f07f-48fd-99d3-501e6d65b04c-3/1200/800,3
e8fd2a5d-f07f-48fd-99d3-501e6d65b04c,https://picsum.photos/seed/e8fd2a5d-f07f-48fd-99d3-501e6d65b04c-4/1200/800,4
e8fd2a5d-f07f-48fd-99d3-501e6d65b04c,https://picsum.photos/seed/e8fd2a5d-f07f-48fd-99d3-501e6d65b04c-5/1200/800,5
e8fd2a5d-f07f-48fd-99d3-501e6d65b04c,https://picsum.photos/seed/e8fd2a5d-f07f-48fd-99d3-501e6d65b04c-6/1200/800,6
e8fd2a5d-f07f-48fd-99d3-501e6d65b04c,https://picsum.photos/seed/e8fd2a5d-f07f-48fd-99d3-501e6d65b04c-7/1200/800,7
e8fd2a5d-f07f-48fd-99d3-501e6d65b04c,https://picsum.photos/seed/e8fd2a5d-f07f-48fd-99d3-501e6d65b04c-8/1200/800,8
509b9567-6f06-48b7-9f6b-344c50342e39,https://picsum.photos/seed/509b9567-6f06-48b7-9f6b-344c50342e39-0/1200/800,0
509b9567-6f06-48b7-9f6b-344c50342e39,https://picsum.photos/seed/509b9567-6f06-48b7-9f6b-344c50342e39-1/1200/800,1
509b9567-6f06-48b7-9f6b-344c50342e39,https://picsum.photos/seed/509b9567-6f06-48b7-9f6b-344c50342e39-2/1200/800,2
509b9567-6f06-48b7-9f6b-344c50342e39,https://picsum.photos/seed/509b9567-6f06-48b7-9f6b-344c50342e39-3/1200/800,3
509b9567-6f06-48b7-9f6b-344c50342e39,https://picsum.photos/seed/509b9567-6f06-48b7-9f6b-344c50342e39-4/1200/800,4
509b9567-6f06-48b7-9f6b-344c50342e39,https://picsum.photos/seed/509b9567-6f06-48b7-9f6b-344c50342e39-5/1200/800,5
509b9567-6f06-48b7-9f6b-344c50342e39,https://picsum.photos/seed/509b9567-6f06-48b7-9f6b-344c50342e39-6/1200/800,6
509b9567-6f06-48b7-9f6b-344c50342e39,https://picsum.photos/seed/509b9567-6f06-48b7-9f6b-344c50342e39-7/1200/800,7
509b9567-6f06-48b7-9f6b-344c50342e39,https://picsum.photos/seed/509b9567-6f06-48b7-9f6b-344c50342e39-8/1200/800,8
509b9567-6f06-48b7-9f6b-344c50342e39,https://picsum.photos/seed/509b9567-6f06-48b7-9f6b-344c50342e39-9/1200/800,9
509b9567-6f06-48b7-9f6b-344c50342e39,https://picsum.photos/seed/509b9567-6f06-48b7-9f6b-344c50342e39-10/1200/800,10
509b9567-6f06-48b7-9f6b-344c50342e39,https://picsum.photos/seed/509b9567-6f06-48b7-9f6b-344c50342e39-11/1200/800,11
95d3e3fd-5eab-4b9f-9d46-14761f64e529,https://picsum.photos/seed/95d3e3fd-5eab-4b9f-9d46-14761f64e529-0/1200/800,0
95d3e3fd-5eab-4b9f-9d46-14761f64e529,https://picsum.photos/seed/95d3e3fd-5eab-4b9f-9d46-14761f64e529-1/1200/800,1
95d3e3fd-5eab-4b9f-9d46-14761f64e529,https://picsum.photos/seed/95d3e3fd-5eab-4b9f-9d46-14761f64e529-2/1200/800,2
95d3e3fd-5eab-4b9f-9d46-14761f64e529,https://picsum.photos/seed/95d3e3fd-5eab-4b9f-9d46-14761f64e529-3/1200/800,3
95d3e3fd-5eab-4b9f-9d46-14761f64e529,https://picsum.photos/seed/95d3e3fd-5eab-4b9f-9d46-14761f64e529-4/1200/800,4
95d3e3fd-5eab-4b9f-9d46-14761f64e529,https://picsum.photos/seed/95d3e3fd-5eab-4b9f-9d46-14761f64e529-5/1200/800,5
95d3e3fd-5eab-4b9f-9d46-14761f64e529,https://picsum.photos/seed/95d3e3fd-5eab-4b9f-9d46-14761f64e529-6/1200/800,6
d5e21237-7154-4b7c-bf34-061f307742bf,https://picsum.photos/seed/d5e21237-7154-4b7c-bf34-061f307742bf-0/1200/800,0
d5e21237-7154-4b7c-bf34-061f307742bf,https://picsum.photos/seed/d5e21237-7154-4b7c-bf34-061f307742bf-1/1200/800,1
d5e21237-7154-4b7c-bf34-061f307742bf,https://picsum.photos/seed/d5e21237-7154-4b7c-bf34-061f307742bf-2/1200/800,2
d5e21237-7154-4b7c-bf34-061f307742bf,https://picsum.photos/seed/d5e21237-7154-4b7c-bf34-061f307742bf-3/1200/800,3
d5e21237-7154-4b7c-bf34-061f307742bf,https://picsum.photos/seed/d5e21237-7154-4b7c-bf34-061f307742bf-4/1200/800,4
d5e21237-7154-4b7c-bf34-061f307742bf,https://picsum.photos/seed/d5e21237-7154-4b7c-bf34-061f307742bf-5/1200/800,5
d5e21237-7154-4b7c-bf34-061f307742bf,https://picsum.photos/seed/d5e21237-7154-4b7c-bf34-061f307742bf-6/1200/800,6
d5e21237-7154-4b7c-bf34-061f307742bf,https://picsum.photos/seed/d5e21237-7154-4b7c-bf34-061f307742bf-7/1200/800,7
d5e21237-7154-4b7c-bf34-061f307742bf,https://picsum.photos/seed/d5e21237-7154-4b7c-bf34-061f307742bf-8/1200/800,8
d5e21237-7154-4b7c-bf34-061f307742bf,https://picsum.photos/seed/d5e21237-7154-4b7c-bf34-061f307742bf-9/1200/800,9
4df05ebf-e714-439f-88c3-2182d81d1799,https://picsum.photos/seed/4df05ebf-e714-439f-88c3-2182d81d1799-0/1200/800,0
4df05ebf-e714-439f-88c3-2182d81d1799,https://picsum.photos/seed/4df05ebf-e714-439f-88c3-2182d81d1799-1/1200/800,1
4df05ebf-e714-439f-88c3-2182d81d1799,https://picsum.photos/seed/4df05ebf-e714-439f-88c3-2182d81d1799-2/1200/800,2
4df05ebf-e714-439f-88c3-2182d81d1799,https://picsum.photos/seed/4df05ebf-e714-439f-88c3-2182d81d1799-3/1200/800,3
4df05ebf-e714-439f-88c3-2182d81d1799,https://picsum.photos/seed/4df05ebf-e714-439f-88c3-2182d81d1799-4/1200/800,4
4df05ebf-e714-439f-88c3-2182d81d1799,https://picsum.photos/seed/4df05ebf-e714-439f-88c3-2182d81d1799-5/1200/800,5
4df05ebf-e714-439f-88c3-2182d81d1799,https://picsum.photos/seed/4df05ebf-e714-439f-88c3-2182d81d1799-6/1200/800,6
4df05ebf-e714-439f-88c3-2182d81d1799,https://picsum.photos/seed/4df05ebf-e714-439f-88c3-2182d81d1799-7/1200/800,7
4df05ebf-e714-439f-88c3-2182d81d1799,https://picsum.photos/seed/4df05ebf-e714-439f-88c3-2182d81d1799-8/1200/800,8
b06a9cb6-3587-419e-9a90-1a64ab4d8a71,https://picsum.photos/seed/b06a9cb6-3587-419e-9a90-1a64ab4d8a71-0/1200/800,0
b06a9cb6-3587-419e-9a90-1a64ab4d8a71,https://picsum.photos/seed/b06a9cb6-3587-419e-9a90-1a64ab4d8a71-1/1200/800,1
b06a9cb6-3587-419e-9a90-1a64ab4d8a71,https://picsum.photos/seed/b06a9cb6-3587-419e-9a90-1a64ab4d8a71-2/1200/800,2
b06a9cb6-3587-419e-9a90-1a64ab4d8a71,https://picsum.photos/seed/b06a9cb6-3587-419e-9a90-1a64ab4d8a71-3/1200/800,3
b06a9cb6-3587-419e-9a90-1a64ab4d8a71,https://picsum.photos/seed/b06a9cb6-3587-419e-9a90-1a64ab4d8a71-4/1200/800,4
5d01960e-401e-46de-9bfc-12831efdfd0d,https://picsum.photos/seed/5d01960e-401e-46de-9bfc-12831efdfd0d-0/1200/800,0
5d01960e-401e-46de-9bfc-12831efdfd0d,https://picsum.photos/seed/5d01960e-401e-46de-9bfc-12831efdfd0d-1/1200/800,1
5d01960e-401e-46de-9bfc-12831efdfd0d,https://picsum.photos/seed/5d01960e-401e-46de-9bfc-12831efdfd0d-2/1200/800,2
5d01960e-401e-46de-9bfc-12831efdfd0d,https://picsum.photos/seed/5d01960e-401e-46de-9bfc-12831efdfd0d-3/1200/800,3
5d01960e-401e-46de-9bfc-12831efdfd0d,https://picsum.photos/seed/5d01960e-401e-46de-9bfc-12831efdfd0d-4/1200/800,4
5d01960e-401e-46de-9bfc-12831efdfd0d,https://picsum.photos/seed/5d01960e-401e-46de-9bfc-12831efdfd0d-5/1200/800,5
5d01960e-401e-46de-9bfc-12831efdfd0d,https://picsum.photos/seed/5d01960e-401e-46de-9bfc-12831efdfd0d-6/1200/800,6
aee0715e-75d8-4dbb-9f71-de2af221be30,https://picsum.photos/seed/aee0715e-75d8-4dbb-9f71-de2af221be30-0/1200/800,0
aee0715e-75d8-4dbb-9f71-de2af221be30,https://picsum.photos/seed/aee0715e-75d8-4dbb-9f71-de2af221be30-1/1200/800,1
aee0715e-75d8-4dbb-9f71-de2af221be30,https://picsum.photos/seed/aee0715e-75d8-4dbb-9f71-de2af221be30-2/1200/800,2
aee0715e-75d8-4dbb-9f71-de2af221be30,https://picsum.photos/seed/aee0715e-75d8-4dbb-9f71-de2af221be30-3/1200/800,3
aee0715e-75d8-4dbb-9f71-de2af221be30,https://picsum.photos/seed/aee0715e-75d8-4dbb-9f71-de2af221be30-4/1200/800,4
aee0715e-75d8-4dbb-9f71-de2af221be30,https://picsum.photos/seed/aee0715e-75d8-4dbb-9f71-de2af221be30-5/1200/800,5
aee0715e-75d8-4dbb-9f71-de2af221be30,https://picsum.photos/seed/aee0715e-75d8-4dbb-9f71-de2af221be30-6/1200/800,6
aee0715e-75d8-4dbb-9f71-de2af221be30,https://picsum.photos/seed/aee0715e-75d8-4dbb-9f71-de2af221be30-7/1200/800,7
aee0715e-75d8-4dbb-9f71-de2af221be30,https://picsum.photos/seed/aee0715e-75d8-4dbb-9f71-de2af221be30-8/1200/800,8
aee0715e-75d8-4dbb-9f71-de2af221be30,https://picsum.photos/seed/aee0715e-75d8-4dbb-9f71-de2af221be30-9/1200/800,9
aee0715e-75d8-4dbb-9f71-de2af221be30,https://picsum.photos/seed/aee0715e-75d8-4dbb-9f71-de2af221be30-10/1200/800,10
aee0715e-75d8-4dbb-9f71-de2af221be30,https://picsum.photos/seed/aee0715e-75d8-4dbb-9f71-de2af221be30-11/1200/800,11
aee0715e-75d8-4dbb-9f71-de2af221be30,https://picsum.photos/seed/aee0715e-75d8-4dbb-9f71-de2af221be30-12/1200/800,12
3c0edd93-fda3-41fd-b71a-86a93652b493,https://picsum.photos/seed/3c0edd93-fda3-41fd-b71a-86a93652b493-0/1200/800,0
3c0edd93-fda3-41fd-b71a-86a93652b493,https://picsum.photos/seed/3c0edd93-fda3-41fd-b71a-86a93652b493-1/1200/800,1
3c0edd93-fda3-41fd-b71a-86a93652b493,https://picsum.photos/seed/3c0edd93-fda3-41fd-b71a-86a93652b493-2/1200/800,2
3c0edd93-fda3-41fd-b71a-86a93652b493,https://picsum.photos/seed/3c0edd93-fda3-41fd-b71a-86a93652b493-3/1200/800,3
3c0edd93-fda3-41fd-b71a-86a93652b493,https://picsum.photos/seed/3c0edd93-fda3-41fd-b71a-86a93652b493-4/1200/800,4
3c0edd93-fda3-41fd-b71a-86a93652b493,https://picsum.photos/seed/3c0edd93-fda3-41fd-b71a-86a93652b493-5/1200/800,5
3c0edd93-fda3-41fd-b71a-86a93652b493,https://picsum.photos/seed/3c0edd93-fda3-41fd-b71a-86a93652b493-6/1200/800,6
3c0edd93-fda3-41fd-b71a-86a93652b493,https://picsum.photos/seed/3c0edd93-fda3-41fd-b71a-86a93652b493-7/1200/800,7
3c0edd93-fda3-41fd-b71a-86a93652b493,https://picsum.photos/seed/3c0edd93-fda3-41fd-b71a-86a93652b493-8/1200/800,8
3c0edd93-fda3-41fd-b71a-86a93652b493,https://picsum.photos/seed/3c0edd93-fda3-41fd-b71a-86a93652b493-9/1200/800,9
3c0edd93-fda3-41fd-b71a-86a93652b493,https://picsum.photos/seed/3c0edd93-fda3-41fd-b71a-86a93652b493-10/1200/800,10
3c0edd93-fda3-41fd-b71a-86a93652b493,https://picsum.photos/seed/3c0edd93-fda3-41fd-b71a-86a93652b493-11/1200/800,11
3c0edd93-fda3-41fd-b71a-86a93652b493,https://picsum.photos/seed/3c0edd93-fda3-41fd-b71a-86a93652b493-12/1200/800,12
6d14f95f-9e44-4a20-ae65-bd8ec96bf7c2,https://picsum.photos/seed/6d14f95f-9e44-4a20-ae65-bd8ec96bf7c2-0/1200/800,0
6d14f95f-9e44-4a20-ae65-bd8ec96bf7c2,https://picsum.photos/seed/6d14f95f-9e44-4a20-ae65-bd8ec96bf7c2-1/1200/800,1
6d14f95f-9e44-4a20-ae65-bd8ec96bf7c2,https://picsum.photos/seed/6d14f95f-9e44-4a20-ae65-bd8ec96bf7c2-2/1200/800,2
6d14f95f-9e44-4a20-ae65-bd8ec96bf7c2,https://picsum.photos/seed/6d14f95f-9e44-4a20-ae65-bd8ec96bf7c2-3/1200/800,3
6d14f95f-9e44-4a20-ae65-bd8ec96bf7c2,https://picsum.photos/seed/6d14f95f-9e44-4a20-ae65-bd8ec96bf7c2-4/1200/800,4
6d14f95f-9e44-4a20-ae65-bd8ec96bf7c2,https://picsum.photos/seed/6d14f95f-9e44-4a20-ae65-bd8ec96bf7c2-5/1200/800,5
6d14f95f-9e44-4a20-ae65-bd8ec96bf7c2,https://picsum.photos/seed/6d14f95f-9e44-4a20-ae65-bd8ec96bf7c2-6/1200/800,6
6d14f95f-9e44-4a20-ae65-bd8ec96bf7c2,https://picsum.photos/seed/6d14f95f-9e44-4a20-ae65-bd8ec96bf7c2-7/1200/800,7
6d14f95f-9e44-4a20-ae65-bd8ec96bf7c2,https://picsum.photos/seed/6d14f95f-9e44-4a20-ae65-bd8ec96bf7c2-8/1200/800,8
6d14f95f-9e44-4a20-ae65-bd8ec96bf7c2,https://picsum.photos/seed/6d14f95f-9e44-4a20-ae65-bd8ec96bf7c2-9/1200/800,9
6d14f95f-9e44-4a20-ae65-bd8ec96bf7c2,https://picsum.photos/seed/6d14f95f-9e44-4a20-ae65-bd8ec96bf7c2-10/1200/800,10
d73038eb-5f7a-463d-9261-20e11204c945,https://picsum.photos/seed/d73038eb-5f7a-463d-9261-20e11204c945-0/1200/800,0
d73038eb-5f7a-463d-9261-20e11204c945,https://picsum.photos/seed/d73038eb-5f7a-463d-9261-20e11204c945-1/1200/800,1
d73038eb-5f7a-463d-9261-20e11204c945,https://picsum.photos/seed/d73038eb-5f7a-463d-9261-20e11204c945-2/1200/800,2
d73038eb-5f7a-463d-9261-20e11204c945,https://picsum.photos/seed/d73038eb-5f7a-463d-9261-20e11204c945-3/1200/800,3
d73038eb-5f7a-463d-9261-20e11204c945,https://picsum.photos/seed/d73038eb-5f7a-463d-9261-20e11204c945-4/1200/800,4
d73038eb-5f7a-463d-9261-20e11204c945,https://picsum.photos/seed/d73038eb-5f7a-463d-9261-20e11204c945-5/1200/800,5
d73038eb-5f7a-463d-9261-20e11204c945,https://picsum.photos/seed/d73038eb-5f7a-463d-9261-20e11204c945-6/1200/800,6
d73038eb-5f7a-463d-9261-20e11204c945,https://picsum.photos/seed/d73038eb-5f7a-463d-9261-20e11204c945-7/1200/800,7
d73038eb-5f7a-463d-9261-20e11204c945,https://picsum.photos/seed/d73038eb-5f7a-463d-9261-20e11204c945-8/1200/800,8
d73038eb-5f7a-463d-9261-20e11204c945,https://picsum.photos/seed/d73038eb-5f7a-463d-9261-20e11204c945-9/1200/800,9
99624e87-e7fa-495c-8937-1b27e8958799,https://picsum.photos/seed/99624e87-e7fa-495c-8937-1b27e8958799-0/1200/800,0
99624e87-e7fa-495c-8937-1b27e8958799,https://picsum.photos/seed/99624e87-e7fa-495c-8937-1b27e8958799-1/1200/800,1
99624e87-e7fa-495c-8937-1b27e8958799,https://picsum.photos/seed/99624e87-e7fa-495c-8937-1b27e8958799-2/1200/800,2
99624e87-e7fa-495c-8937-1b27e8958799,https://picsum.photos/seed/99624e87-e7fa-495c-8937-1b27e8958799-3/1200/800,3
99624e87-e7fa-495c-8937-1b27e8958799,https://picsum.photos/seed/99624e87-e7fa-495c-8937-1b27e8958799-4/1200/800,4
99624e87-e7fa-495c-8937-1b27e8958799,https://picsum.photos/seed/99624e87-e7fa-495c-8937-1b27e8958799-5/1200/800,5
99624e87-e7fa-495c-8937-1b27e8958799,https://picsum.photos/seed/99624e87-e7fa-495c-8937-1b27e8958799-6/1200/800,6
99624e87-e7fa-495c-8937-1b27e8958799,https://picsum.photos/seed/99624e87-e7fa-495c-8937-1b27e8958799-7/1200/800,7
99624e87-e7fa-495c-8937-1b27e8958799,https://picsum.photos/seed/99624e87-e7fa-495c-8937-1b27e8958799-8/1200/800,8
d47a93aa-1805-4d22-a579-d8db4566cd37,https://picsum.photos/seed/d47a93aa-1805-4d22-a579-d8db4566cd37-0/1200/800,0
d47a93aa-1805-4d22-a579-d8db4566cd37,https://picsum.photos/seed/d47a93aa-1805-4d22-a579-d8db4566cd37-1/1200/800,1
d47a93aa-1805-4d22-a579-d8db4566cd37,https://picsum.photos/seed/d47a93aa-1805-4d22-a579-d8db4566cd37-2/1200/800,2
d47a93aa-1805-4d22-a579-d8db4566cd37,https://picsum.photos/seed/d47a93aa-1805-4d22-a579-d8db4566cd37-3/1200/800,3
d47a93aa-1805-4d22-a579-d8db4566cd37,https://picsum.photos/seed/d47a93aa-1805-4d22-a579-d8db4566cd37-4/1200/800,4
d47a93aa-1805-4d22-a579-d8db4566cd37,https://picsum.photos/seed/d47a93aa-1805-4d22-a579-d8db4566cd37-5/1200/800,5
d47a93aa-1805-4d22-a579-d8db4566cd37,https://picsum.photos/seed/d47a93aa-1805-4d22-a579-d8db4566cd37-6/1200/800,6
d47a93aa-1805-4d22-a579-d8db4566cd37,https://picsum.photos/seed/d47a93aa-1805-4d22-a579-d8db4566cd37-7/1200/800,7
d47a93aa-1805-4d22-a579-d8db4566cd37,https://picsum.photos/seed/d47a93aa-1805-4d22-a579-d8db4566cd37-8/1200/800,8
d47a93aa-1805-4d22-a579-d8db4566cd37,https://picsum.photos/seed/d47a93aa-1805-4d22-a579-d8db4566cd37-9/1200/800,9
d47a93aa-1805-4d22-a579-d8db4566cd37,https://picsum.photos/seed/d47a93aa-1805-4d22-a579-d8db4566cd37-10/1200/800,10
d47a93aa-1805-4d22-a579-d8db4566cd37,https://picsum.photos/seed/d47a93aa-1805-4d22-a579-d8db4566cd37-11/1200/800,11
d47a93aa-1805-4d22-a579-d8db4566cd37,https://picsum.photos/seed/d47a93aa-1805-4d22-a579-d8db4566cd37-12/1200/800,12
d47a93aa-1805-4d22-a579-d8db4566cd37,https://picsum.photos/seed/d47a93aa-1805-4d22-a579-d8db4566cd37-13/1200/800,13
d47a93aa-1805-4d22-a579-d8db4566cd37,https://picsum.photos/seed/d47a93aa-1805-4d22-a579-d8db4566cd37-14/1200/800,14
cbdfa6d1-199f-48d6-a380-cf3c4556b255,https://picsum.photos/seed/cbdfa6d1-199f-48d6-a380-cf3c4556b255-0/1200/800,0
cbdfa6d1-199f-48d6-a380-cf3c4556b255,https://picsum.photos/seed/cbdfa6d1-199f-48d6-a380-cf3c4556b255-1/1200/800,1
cbdfa6d1-199f-48d6-a380-cf3c4556b255,https://picsum.photos/seed/cbdfa6d1-199f-48d6-a380-cf3c4556b255-2/1200/800,2
cbdfa6d1-199f-48d6-a380-cf3c4556b255,https://picsum.photos/seed/cbdfa6d1-199f-48d6-a380-cf3c4556b255-3/1200/800,3
cbdfa6d1-199f-48d6-a380-cf3c4556b255,https://picsum.photos/seed/cbdfa6d1-199f-48d6-a380-cf3c4556b255-4/1200/800,4
cbdfa6d1-199f-48d6-a380-cf3c4556b255,https://picsum.photos/seed/cbdfa6d1-199f-48d6-a380-cf3c4556b255-5/1200/800,5
cbdfa6d1-199f-48d6-a380-cf3c4556b255,https://picsum.photos/seed/cbdfa6d1-199f-48d6-a380-cf3c4556b255-6/1200/800,6
f96365cc-6c34-4b6c-840e-6e58a286a3f4,https://picsum.photos/seed/f96365cc-6c34-4b6c-840e-6e58a286a3f4-0/1200/800,0
f96365cc-6c34-4b6c-840e-6e58a286a3f4,https://picsum.photos/seed/f96365cc-6c34-4b6c-840e-6e58a286a3f4-1/1200/800,1
f96365cc-6c34-4b6c-840e-6e58a286a3f4,https://picsum.photos/seed/f96365cc-6c34-4b6c-840e-6e58a286a3f4-2/1200/800,2
f96365cc-6c34-4b6c-840e-6e58a286a3f4,https://picsum.photos/seed/f96365cc-6c34-4b6c-840e-6e58a286a3f4-3/1200/800,3
f96365cc-6c34-4b6c-840e-6e58a286a3f4,https://picsum.photos/seed/f96365cc-6c34-4b6c-840e-6e58a286a3f4-4/1200/800,4
f96365cc-6c34-4b6c-840e-6e58a286a3f4,https://picsum.photos/seed/f96365cc-6c34-4b6c-840e-6e58a286a3f4-5/1200/800,5
f96365cc-6c34-4b6c-840e-6e58a286a3f4,https://picsum.photos/seed/f96365cc-6c34-4b6c-840e-6e58a286a3f4-6/1200/800,6
f96365cc-6c34-4b6c-840e-6e58a286a3f4,https://picsum.photos/seed/f96365cc-6c34-4b6c-840e-6e58a286a3f4-7/1200/800,7
f96365cc-6c34-4b6c-840e-6e58a286a3f4,https://picsum.photos/seed/f96365cc-6c34-4b6c-840e-6e58a286a3f4-8/1200/800,8
f96365cc-6c34-4b6c-840e-6e58a286a3f4,https://picsum.photos/seed/f96365cc-6c34-4b6c-840e-6e58a286a3f4-9/1200/800,9
f96365cc-6c34-4b6c-840e-6e58a286a3f4,https://picsum.photos/seed/f96365cc-6c34-4b6c-840e-6e58a286a3f4-10/1200/800,10
f96365cc-6c34-4b6c-840e-6e58a286a3f4,https://picsum.photos/seed/f96365cc-6c34-4b6c-840e-6e58a286a3f4-11/1200/800,11
f96365cc-6c34-4b6c-840e-6e58a286a3f4,https://picsum.photos/seed/f96365cc-6c34-4b6c-840e-6e58a286a3f4-12/1200/800,12
f96365cc-6c34-4b6c-840e-6e58a286a3f4,https://picsum.photos/seed/f96365cc-6c34-4b6c-840e-6e58a286a3f4-13/1200/800,13
f96365cc-6c34-4b6c-840e-6e58a286a3f4,https://picsum.photos/seed/f96365cc-6c34-4b6c-840e-6e58a286a3f4-14/1200/800,14
