id,email,password,role,created_at,updated_at
5c9ded7e-bd44-43d4-9d4c-4172aa3ea492,terrahogar.ventas@gmail.com,$2b$12$1Tj.W1J2ucq6U3VcUA9rc.KBASiNHBU3IcV3q11WEI8e1A//Rj1mq,agency,2026-04-02 16:44:45.328311-06:00,2026-04-02 16:44:45.328311-06:00
6886adbc-deaf-4cdf-8204-6f552c628891,concretusdesarrollos.ventas@gmail.com,$2b$12$/LJ2tuM3Y4AGrFUvtcgPV.TZLyhEMDVVGpHBASLlzkboyqRee5l1C,agency,2024-11-28 16:44:45.521384-06:00,2024-11-28 16:44:45.521384-06:00
42df8c3e-05fb-49ee-9c6d-dd3884dd8915,soleilpropiedades.ventas@gmail.com,$2b$12$XR.hm0LoTnXN3bauyLG6muV4OQuCQI4TK4HC6iLEGmbYX1C.VdtGm,agency,2026-02-02 16:44:45.714247-06:00,2026-02-02 16:44:45.714247-06:00
f45525cf-17b3-4d3c-87a5-d103d781cf92,grupoaltamira.ventas@gmail.com,$2b$12$JWLWNTSJx5OSoYNdvaInmOnpusqrp09Wf4e0gtkha/NpTcwmHG58C,agency,2024-10-03 16:44:45.907081-06:00,2024-10-03 16:44:45.907081-06:00
96efd4d2-e8c2-40a3-89fa-7e6eda53c9e2,crhomes.ventas@gmail.com,$2b$12$2U9LlGcSIrkJPSc8jASMEOl1P41UhfoFokDWjRC9.0plD5ZH6.VuO,agency,2025-03-15 16:44:46.099876-06:00,2025-03-15 16:44:46.099876-06:00
c522fc00-ebb4-439d-ab2b-c14b958d145b,pacíficorealty.ventas@gmail.com,$2b$12$uBwD5u.mB9U8IhjH7X32..kQJx1w4.1M5yGjzvS5uKi3cKhi9K3JW,agency,2026-03-08 16:44:46.292861-06:00,2026-03-08 16:44:46.292861-06:00
4805f37f-95d5-45fb-b201-99e2a734bd9e,valleverdepropiedades.ventas@gmail.com,$2b$12$be0x8F2oPQZo3WMVqtWFku7v0mUO8IEvEg7ouEOqp7HgItp/DgBZ.,agency,2025-10-29 16:44:46.485672-06:00,2025-10-29 16:44:46.485672-06:00
4b03c34a-2ec7-42e8-a496-8763f64b8bda,costaliving.ventas@gmail.com,$2b$12$hZ44/Ciz.d.gfQ7giF8z6en46gl7rndIX4gCqxBBlj3RY5EvpcS1a,agency,2026-06-03 16:44:46.678563-06:00,2026-06-03 16:44:46.678563-06:00
9a88019a-610d-476f-bee3-5cab7744ce79,marcoantoniobriseño.buyer@gmail.com,$2b$12$hf2/a7vWbA4ktqbrVW3YsuoRzCM1NRTWGwWJ0SrQZo8Xg3gpXl48O,user,2025-07-02 16:44:46.873926-06:00,2025-07-02 16:44:46.873926-06:00
66672517-8754-4ebe-908a-ad8ce2165ebb,esteladelarosa.buyer@gmail.com,$2b$12$nZHs.3oiym8ZxmhzD66qseiay6gzy4RwFKKT3U5.6//U.emdlpfX2,user,2026-03-04 16:44:47.066866-06:00,2026-03-04 16:44:47.066866-06:00
3829bb5e-b6b9-493d-9826-447161920e88,javierbustos.buyer@gmail.com,$2b$12$P.U6uwUX1uW3k.SRdxlRYu0mSm0e.RYNGjYP5N8hyg2vuQfSDi9.e,user,2025-11-01 16:44:47.259646-06:00,2025-11-01 16:44:47.259646-06:00
ee8426dc-7735-4792-917f-dcfe20cf7a9f,marcelavillagómez.buyer@gmail.com,$2b$12$C04ImuERjfPh/gsH899PJ.1N95bSt/ZIU8JLM4Eb4/kM2K158hS/i,user,2026-06-16 16:44:47.452378-06:00,2026-06-16 16:44:47.452378-06:00
ac6600e2-6bb6-4c9a-bf84-d628db667632,isaaclucio.buyer@gmail.com,$2b$12$CcIluUXWjuQuBiE4EkGjc./vplvd7MdMywgflG./OUDbezJLM4j3a,user,2025-05-13 16:44:47.645094-06:00,2025-05-13 16:44:47.645094-06:00
9bce2786-49e3-4000-9464-4479e0f1bc70,andréscastellanos.buyer@gmail.com,$2b$12$ADdHrLj9eDNFR3ggTpouOen8vH.iaQzMvVJfEMn3TgvFt/gtNZtYi,user,2026-01-17 16:44:47.838069-06:00,2026-01-17 16:44:47.838069-06:00
2efbbc16-b02f-487b-b6e6-371789daac81,isabelprieto.buyer@gmail.com,$2b$12$IlDWCACQt1avIfgSmm66HujC04jK6YMQwfJBYGu9fsnWpDy/y6Y0C,user,2025-10-14 16:44:48.031014-06:00,2025-10-14 16:44:48.031014-06:00
6d323590-f99e-4a0f-a9f3-30f82bf63721,davidbenavídez.buyer@gmail.com,$2b$12$cBJl3yNoHKeezDnoLzyy.uGPtr1y4td3mWjw7Z.gAoTlpi0/8OgpC,user,2026-05-03 16:44:48.223593-06:00,2026-05-03 16:44:48.223593-06:00
62ce4d65-9b64-4521-a199-180582265277,agustínleón.buyer@gmail.com,$2b$12$eRLavDwcSr9dXCcNdKR5wOPiT6TBIMS4hiHAoy0nfA7aEdGVVmfG2,user,2026-01-23 16:44:48.418139-06:00,2026-01-23 16:44:48.418139-06:00
04fcfbea-aabd-41af-9fcb-ee1905dae1c2,claralucio.buyer@gmail.com,$2b$12$G9ngO7Kv5Afunzv7yH96Au7cnkvWzKwLxnEp3z0WXnjArdWTIGvwa,user,2025-11-09 16:44:48.610809-06:00,2025-11-09 16:44:48.610809-06:00
e570d996-fa04-4f3a-956f-74c3884b4e9f,florenciamuñoz.buyer@gmail.com,$2b$12$nsMPBGanVUHyyAz.kqfOxOQUL9HjkPr/NCoIXNvL1TOq16Q3YQtNe,user,2025-05-11 16:44:48.803590-06:00,2025-05-11 16:44:48.803590-06:00
f5b97fd3-b0c3-4279-b523-64f49f49ba2f,gabrieltrujillo.buyer@gmail.com,$2b$12$fdn1P6cmftbChkRTJD0.RudDpm1.q7PAM/2wchZ7rfDDIXQf/1qmG,user,2026-04-12 16:44:48.996601-06:00,2026-04-12 16:44:48.996601-06:00
dcfc3f43-6a00-43ec-ac2f-57998e82998e,joaquíncardenas.buyer@gmail.com,$2b$12$A0.IdUu.UV6kijeRgefuTOSfE/.i/yw9DBkx.Ysctx2Z.ZsHOtTUi,user,2026-06-15 16:44:49.189226-06:00,2026-06-15 16:44:49.189226-06:00
261ff675-435a-426d-a61f-24ff82b97668,leonelpabón.buyer@gmail.com,$2b$12$52Pusar4TSxarZb7mCQnTObEdOuxuwaE.Zb3Sq0RgPCCZaxkM9CwK,user,2026-04-23 16:44:49.382034-06:00,2026-04-23 16:44:49.382034-06:00
6495bfec-8864-4441-9a5b-ad09aff7b980,salmaabrego.buyer@gmail.com,$2b$12$VlhUP9Fg4o8sh0unQeBWxeZ1idJF9bx0xGgVm7L3VxEb.5yp.HAsu,user,2026-03-01 16:44:49.574686-06:00,2026-03-01 16:44:49.574686-06:00
e5e226d9-0d40-49cb-9ef1-b3afe1b53676,analuisasánchez.buyer@gmail.com,$2b$12$.wbVcC/auZl4RKUBdt6Zm.16umSnpQZnkT.LEDCt819W3m.UycYzG,user,2026-03-21 16:44:49.767457-06:00,2026-03-21 16:44:49.767457-06:00
1ab7fd42-64a1-430f-93da-300a04910494,natividadballesteros.buyer@gmail.com,$2b$12$nBO1gFlmYhNYzNpw.arX9.8rwB9ZKZ/9vKD1OBT9oMqV7jqpHsM.q,user,2026-04-21 16:44:49.960981-06:00,2026-04-21 16:44:49.960981-06:00
61af2084-94e6-483d-b446-3f18547e9ea3,hernánharo.buyer@gmail.com,$2b$12$cXNcJNj1MYa6jANhmkblq.X9gjXJzIYY7howODveyoyE3WgE372Zi,user,2026-02-14 16:44:50.154318-06:00,2026-02-14 16:44:50.154318-06:00
4c1fe19a-896c-46dd-9342-3ddf15d7be95,maríacristinabenítez.buyer@gmail.com,$2b$12$cVI2fCfPgjGdo0laA9W8OeYTRKhyaYN9eRJgAYsTlAPChusV09tJ.,user,2025-12-15 16:44:50.348149-06:00,2025-12-15 16:44:50.348149-06:00
0e38dbbf-5e07-4ac5-b3db-816ccc204d09,humbertogonzales.buyer@gmail.com,$2b$12$Va1rRYWuOChV31DBbnx64.DR5zmnXtFo/PuupvIuNBHd6fixKMUcm,user,2026-06-20 16:44:50.540778-06:00,2026-06-20 16:44:50.540778-06:00
866af491-931b-4e53-8baa-f593940af44a,ángelatamayo.buyer@gmail.com,$2b$12$spj4C6gRDql5Q90hWyyGUOhzV99wzgpQyZLWCl8ARSuR7S5IcPP6q,user,2025-08-01 16:44:50.733456-06:00,2025-08-01 16:44:50.733456-06:00
908adff9-1947-44e7-b485-ac7e8f5c664d,teodoroparedes.buyer@gmail.com,$2b$12$9OpsgizEFSK6ovfBO86fXOs31vHaG3aqAOesuGJj8xcxIbjD8aqyW,user,2025-08-23 16:44:50.926201-06:00,2025-08-23 16:44:50.926201-06:00
043ec065-1baf-4e97-8c97-3122fe40c3b4,pedrosalcido.buyer@gmail.com,$2b$12$DABeMTK3kiSZ01KzIZTs7OzfwDZGTAcCR/VVZMnVyEpvrjWHIrnKW,user,2026-01-28 16:44:51.118868-06:00,2026-01-28 16:44:51.118868-06:00
ea7db29e-1f88-40af-9af3-a5a499004024,daliaesquivel.buyer@gmail.com,$2b$12$k8VeA0WxkG5s.LTiayLU.uTT/mUS8t/zePxQ5CScyblxAcRspbB1S,user,2025-08-31 16:44:51.311539-06:00,2025-08-31 16:44:51.311539-06:00
2c7d79d1-acf0-4dc0-abba-d633d58b994e,brunoblanco.buyer@gmail.com,$2b$12$2rRGq/JdUIE517ziS794l.nEuneTZEfhi5XewMUMf5ejAPqN1NF3a,user,2026-03-08 16:44:51.504169-06:00,2026-03-08 16:44:51.504169-06:00
ed1e6fdb-3e53-4813-b7c3-05e992d498e8,elviamontes.buyer@gmail.com,$2b$12$ZtSwUZ0ruBqWDksfxJKH8u3mLaaT1ZEVaH6GY/47QJeNlnLjZj/de,user,2026-07-04 16:44:51.697029-06:00,2026-07-04 16:44:51.697029-06:00
405b9a9f-bcf2-4a22-8b0e-95acca0d41be,analuisalerma.buyer@gmail.com,$2b$12$/MzY5.dCbbS2XqMeJ1uYIuesyPQaJPixRSnoe9ILvWBH/NfvyGw7i,user,2025-04-20 16:44:51.890964-06:00,2025-04-20 16:44:51.890964-06:00
86888db1-a8be-43eb-9300-52a78ea9743b,ericroldán.buyer@gmail.com,$2b$12$LxhnJAXktaA0qBlqmjAOBegWYu3mzxaRhOXntsezhvk/7i4al3mhW,user,2025-08-10 16:44:52.083852-06:00,2025-08-10 16:44:52.083852-06:00
5d85bd5e-5062-486a-bfdf-5b9d01c96d7c,miguelcolunga.buyer@gmail.com,$2b$12$B6vzQfeVpycXshjcbNDrk.zOJKHRePcnpTr.JKg9WPGlaVtgb9W4C,user,2026-04-21 16:44:52.276859-06:00,2026-04-21 16:44:52.276859-06:00
651a34a7-7b3b-4d1d-9858-3794c5902b27,joaquínorellana.buyer@gmail.com,$2b$12$/JId2M/KPWBJVrFmD1wKCOdBmjhDB4MiVrg3X.l7uLQla0/0bQBXS,user,2026-06-19 16:44:52.469387-06:00,2026-06-19 16:44:52.469387-06:00
f39e6de3-4718-4a72-abe9-fc3e3d0b5dd2,carlotaortiz.buyer@gmail.com,$2b$12$Ej5wJ5nxCuviswkmZk03b.HpVBjA77WSd6Cfo2NZWNOhnDDeubM9m,user,2026-04-05 16:44:52.662018-06:00,2026-04-05 16:44:52.662018-06:00
47d6ec26-c79e-435c-8eac-865573b2ac78,gonzaloreynoso.buyer@gmail.com,$2b$12$Jbu7ktx/fZBCftSK4RLpuufrSqND9DT3wAS65Qdohc5hx.N2NBq56,user,2026-07-05 16:44:52.854878-06:00,2026-07-05 16:44:52.854878-06:00
56de9961-d090-4e08-9900-b69f2e2bdc1b,reynaldojaramillo.buyer@gmail.com,$2b$12$o7cSiyAVSdtVjMWLvEjE.eiI5EYkk.EBIUMlskBpfnJ4JgR7fKlrW,user,2026-06-22 16:44:53.047662-06:00,2026-06-22 16:44:53.047662-06:00
7b922293-cbe7-4e0b-9205-9fba88888a46,abigailperes.buyer@gmail.com,$2b$12$B.AJ/Aaim42S7RTG2pAZrOQmb6dFS6x870cqzBsKFGrEEqdJQzbWq,user,2026-02-01 16:44:53.240474-06:00,2026-02-01 16:44:53.240474-06:00
2ec5bf84-2777-4d0c-a1d5-145ab4e66288,liliaolivera.buyer@gmail.com,$2b$12$sZYmT5TsMDbaylu8BUyVrOQlffb0PRwCr5vJFPNFYMdtAIoZ5A0CS,user,2026-06-27 16:44:53.433315-06:00,2026-06-27 16:44:53.433315-06:00
9bbe2275-2ab9-445d-a97a-7c5b6c7acd3d,caridadmares.buyer@gmail.com,$2b$12$pyPGryuiIWip990QkLTXs.veNaZk6o/9XNsHRA/RiGUvaVqtxpyt.,user,2025-09-03 16:44:53.626103-06:00,2025-09-03 16:44:53.626103-06:00
1a2c3cfa-5878-4620-b2ba-00a5d0864806,paulinamireles.buyer@gmail.com,$2b$12$5yGFP/SQOzRHdTk6W07B7uXjiZRaGlQK6nesPJsx/5MPaHMWyOkBu,user,2026-03-06 16:44:53.819090-06:00,2026-03-06 16:44:53.819090-06:00
727a505a-3ad3-4aaa-979a-2c717ba05cde,estelacervantes.buyer@gmail.com,$2b$12$qkaIRwoviLyOZw/jmarE5OWNxi8BzwGQjjplv42Z9RxYzpPW3hnf.,user,2026-06-13 16:44:54.011962-06:00,2026-06-13 16:44:54.011962-06:00
235e928f-1404-4e57-be1f-24862935171d,elsasantacruz.buyer@gmail.com,$2b$12$pN1u86A1vbInGPESBHboyuricvCXCWqXbwXkGGlJr56QA5Ti1vsgG,user,2026-02-07 16:44:54.204522-06:00,2026-02-07 16:44:54.204522-06:00
3b23438f-e287-4a38-b086-8a067134f160,benitorodarte.buyer@gmail.com,$2b$12$W1ZkeOyA38TatkEp1uJybub1StDE4d61jg1eLLnJEEgAg5ATF2E7a,user,2026-04-25 16:44:54.397643-06:00,2026-04-25 16:44:54.397643-06:00
b8cc1148-950b-496c-862a-7840a73e8e01,altagraciatapia.buyer@gmail.com,$2b$12$PQQX0q6CNRfJ3yVvuy2st.EMuU.b4K7LpfNhvD1ONBo8mv4JbCb0O,user,2026-03-03 16:44:54.590533-06:00,2026-03-03 16:44:54.590533-06:00
05ca9e28-bb45-4d0e-a2b2-db233c675dff,raquelescalante.buyer@gmail.com,$2b$12$uwLgn.eGwmZRoCqmidvQeefOGYcSU6mqDuQKww6gGlo1kTzPXfXC6,user,2026-01-09 16:44:54.783560-06:00,2026-01-09 16:44:54.783560-06:00
98bf9528-ae76-47e8-b850-ca3cb00b0e36,cristalbarraza.buyer@gmail.com,$2b$12$xcCriM4GrkyjScJup8RiCOSiNAi3IKliqFHPx/b4UZGp7YDfaV1m6,user,2026-03-26 16:44:54.976721-06:00,2026-03-26 16:44:54.976721-06:00
ddb83635-ff56-4d1b-9437-22acffd0ae8b,violetacaldera.buyer@gmail.com,$2b$12$iReyFuP7IgvmlgT3itV53.3HYAEjYGwTQg4Q2hbMZ0AkSlUKl3HMW,user,2026-01-12 16:44:55.170953-06:00,2026-01-12 16:44:55.170953-06:00
6bfd6ca8-eacb-4be4-8678-66436b5f8afa,margaritamonroy.buyer@gmail.com,$2b$12$97wKAc4mUfW4WFxjjhYwde9E9FIBhuismWSFNWANJKMZ.3EoKZDLK,user,2026-02-27 16:44:55.364804-06:00,2026-02-27 16:44:55.364804-06:00
6e0f41c8-2a00-4010-8f50-689427905154,mateoescamilla.buyer@gmail.com,$2b$12$6ncFZgPY5LQMJ1rp/8iZsepb3EjfcfzlDdAzkPN6E2oAWM/lBWPU6,user,2026-05-13 16:44:55.557766-06:00,2026-05-13 16:44:55.557766-06:00
3e85483c-928f-44fe-9948-643fc1f0ad86,miriampantoja.buyer@gmail.com,$2b$12$gZP9bAZbzEhb9zdAq5ioPu87tohns.MLHw3fujJG4QGNgHEJ1Je5G,user,2026-02-24 16:44:55.750980-06:00,2026-02-24 16:44:55.750980-06:00
faa45676-2362-4875-a6f8-3b5dd68f2853,minervaortega.buyer@gmail.com,$2b$12$zu3JR0qKTx6.Czyze4Z9FOwqUUfJA9reu4SoprnLKZ1l0sskAvjAS,user,2026-04-02 16:44:55.943942-06:00,2026-04-02 16:44:55.943942-06:00
663b8db8-a7e1-41a0-84e8-814f68f4f37a,lucíaavilés.buyer@gmail.com,$2b$12$L91Bl4mOVJNaOTe6KyKMauAgRpNKl3vLP9XSPe0PZFU5Xwarte3IG,user,2026-02-01 16:44:56.136939-06:00,2026-02-01 16:44:56.136939-06:00
f518c4d3-d550-4dd6-bea7-ae6985ad30a0,wilfridoescalante.buyer@gmail.com,$2b$12$1ZXrqQJl767Jy2xXo8EKCOK2zKyIaBMMUKyJX6gI5B9jsc9lY9uPi,user,2025-11-22 16:44:56.329980-06:00,2025-11-22 16:44:56.329980-06:00
3f516892-96a1-4860-8457-81543df6405b,evamárquez.buyer@gmail.com,$2b$12$8NKT7x93vgAgz5r9U8SYJ.n/rblmP8Ao3F3Rs.4N/Gj//wGfRf4B2,user,2026-04-13 16:44:56.522930-06:00,2026-04-13 16:44:56.522930-06:00
0f9f4eee-de94-4c42-8c87-9906d73d213f,silvanogil.buyer@gmail.com,$2b$12$G.7U2dzX5O6ok6C9siNjiOIeAAkk1nKVfvAuwstQNrf/mgxihYXhW,user,2026-06-06 16:44:56.715919-06:00,2026-06-06 16:44:56.715919-06:00
92664660-83ee-4889-88a8-aa745240bf4f,ignaciomontaño.buyer@gmail.com,$2b$12$1dZnZcyWKm3a7g01WOxA8eYnzd0pNUhOxd0e0wve7eW2j/RhD.58y,user,2026-01-23 16:44:56.909317-06:00,2026-01-23 16:44:56.909317-06:00
fd1a4d85-4cac-4ee7-8ff5-2b6e08af64d2,jacintozúñiga.buyer@gmail.com,$2b$12$UqxFf8JiRf.haMBmmPtjD.yfpwbrIF8gfau5JIic7nK2Ey/Si35tm,user,2025-11-26 16:44:57.102634-06:00,2025-11-26 16:44:57.102634-06:00
29097ea7-9247-44a5-9ed2-15d5ef4a43bd,cristobalpérez.buyer@gmail.com,$2b$12$aT2uw1X.ReSM4qRa3J4tN.czCv4jtH36JtWUParaHh8lzTB/2i4ES,user,2026-06-10 16:44:57.295503-06:00,2026-06-10 16:44:57.295503-06:00
4122ce64-1b0f-4bc0-b0e5-bf6978fc1f81,almafuentes.buyer@gmail.com,$2b$12$AzAVsGS7WFe06xZnlOOMBOhBGa5wdi6UjGfYAj99LzGsqSfvOVkzm,user,2026-03-11 16:44:57.488339-06:00,2026-03-11 16:44:57.488339-06:00
51134ee3-f117-4baa-b2cf-a18f209c4a9d,timoteomerino.buyer@gmail.com,$2b$12$vAqya8HilCdppmDiNYeNluWQazMmB/u9zMDta4YQDos2a84WitC4a,user,2026-06-11 16:44:57.681046-06:00,2026-06-11 16:44:57.681046-06:00
53896f94-3e54-4240-99a0-f15db77d970c,victoriagallardo.buyer@gmail.com,$2b$12$I1w7Mv/tTRG6Tf1LlG528uTXVCPnEpx9NZyfkyvzyJcZLv3B3PlyK,user,2026-03-19 16:44:57.874068-06:00,2026-03-19 16:44:57.874068-06:00
b3be4be2-622a-40ad-80bd-2abee6216685,celiabáez.buyer@gmail.com,$2b$12$W9Tm6AXDFFS5V3kSYEAEQ.vSTEzjgNvpXXdgjkmzxpFu20jEsCvJu,user,2026-03-16 16:44:58.067298-06:00,2026-03-16 16:44:58.067298-06:00
87f970d4-6ab7-47d6-8f5c-b8f964250b6d,adrianacaraballo.buyer@gmail.com,$2b$12$ws4bpWKh2wOIaFeAI1RR0OlaQ0gUHnG6WIaTr9FfIWGcW6tsYy6te,user,2025-08-24 16:44:58.260484-06:00,2025-08-24 16:44:58.260484-06:00
